112513.0,49,50,51,52,53,54,55,56,57,58,59,60,61,62,63,64,65,66,67,68,69,70,71,72,73,74,75,76,77,78,79,80,81,82,83,84,85,86,87,88,89,90,91,92,93,94,95,96,97,98,99,100,101,102,103,104,105,106,107,108,109,110
GGT,8.88786184707545e-06,0.0004888324015891497,0.000435505230506697,8.88786184707545e-06,0.0008265711517780168,6.221503292952815e-05,0.000177757236941509,8.88786184707545e-06,8.88786184707545e-06,0.00020442082248273532,1.77757236941509e-05,0.00026663585541226347,3.55514473883018e-05,0.0006488139148365078,1.77757236941509e-05,0.0019997689155919762,0.0011554220401198084,8.88786184707545e-06,0.0010398798361078276,0.0009776648031782993,0.00020442082248273532,8.88786184707545e-06,8.88786184707545e-06,8.88786184707545e-06,7.11028947766036e-05,8.88786184707545e-06,8.88786184707545e-06,8.88786184707545e-06,8.88786184707545e-06,4.443930923537725e-05,0.000951001217637073,8.88786184707545e-06,8.88786184707545e-06,8.88786184707545e-06,0.001662030165403109,0.0013509550007554682,0.0011376463164256576,0.0009598890794841485,3.55514473883018e-05,8.88786184707545e-06,5.3327171082452695e-05,0.0017686845075680143,1.77757236941509e-05,8.88786184707545e-06,0.0010398798361078276,0.001208749211202261,8.88786184707545e-05,8.88786184707545e-06,1.77757236941509e-05,0.0011287584545785821,0.0005332717108245269,6.221503292952815e-05,0.0005954867437540551,8.88786184707545e-06,0.0024441620079457484,8.88786184707545e-06,0.0016087029943206562,0.0006577017766835832,0.001146534178272733,0.0005332717108245269,8.88786184707545e-06,0.0007821318425426395
GTG,0.0029774337187702753,0.0006577017766835832,0.0006843653622248095,1.77757236941509e-05,0.0002488601317181126,8.88786184707545e-06,0.00022219654617688621,8.88786184707545e-06,0.00011554220401198084,0.00018664509878858442,8.88786184707545e-06,8.88786184707545e-06,8.88786184707545e-06,0.0004977202634362252,0.0013420671389083928,0.0011376463164256576,1.77757236941509e-05,2.6663585541226347e-05,8.88786184707545e-06,1.77757236941509e-05,0.0001244300658590563,8.88786184707545e-06,8.88786184707545e-06,0.001822011678650467,0.0002488601317181126,1.77757236941509e-05,8.88786184707545e-06,3.55514473883018e-05,8.88786184707545e-06,8.88786184707545e-06,1.77757236941509e-05,8.88786184707545e-06,8.88786184707545e-06,6.221503292952815e-05,2.6663585541226347e-05,1.77757236941509e-05,1.77757236941509e-05,8.88786184707545e-06,0.0006310381911423569,0.0001244300658590563,8.88786184707545e-06,8.88786184707545e-06,1.77757236941509e-05,1.77757236941509e-05,0.0003466266120359425,0.0009421133557899976,8.88786184707545e-06,0.002053096086674429,8.88786184707545e-06,8.88786184707545e-06,8.88786184707545e-06,1.77757236941509e-05,8.88786184707545e-06,0.000177757236941509,7.999075662367905e-05,8.88786184707545e-06,5.3327171082452695e-05,8.88786184707545e-06,8.88786184707545e-06,8.88786184707545e-06,0.0008976740465546204,0.0010932070071902802
TGG,0.001839787402344618,5.3327171082452695e-05,0.0009332254939429221,0.00015109365140028263,0.001404282171837921,8.88786184707545e-06,0.0011287584545785821,1.77757236941509e-05,0.0001244300658590563,0.0006577017766835832,0.0013509550007554682,2.6663585541226347e-05,8.88786184707545e-06,0.0003110751646476407,0.0004888324015891497,0.0017686845075680143,0.0001422057895532072,1.77757236941509e-05,0.0006399260529894324,0.002906330823993672,0.0006577017766835832,0.0003999537831183952,0.0005510474345186778,0.000791019704389715,1.77757236941509e-05,1.77757236941509e-05,1.77757236941509e-05,8.88786184707545e-06,8.88786184707545e-06,8.88786184707545e-06,8.88786184707545e-06,8.88786184707545e-06,8.88786184707545e-06,0.0010665434216490539,0.0004177295068125461,0.0012798521059788647,0.0009243376320958467,0.0004888324015891497,0.0008798983228604694,0.002275292632851315,0.00025774799356518803,0.0007999075662367904,0.000355514473883018,8.88786184707545e-06,0.0014487214810732982,0.0006488139148365078,0.0001599815132473581,0.0019108902971212214,0.0010043283887195258,0.00021330868432981078,0.0010665434216490539,0.00015109365140028263,7.11028947766036e-05,0.000613262467448206,0.0012798521059788647,2.6663585541226347e-05,0.0007021410859189605,0.00019553296063565988,0.0004532809542008479,0.00037329019757716884,0.000613262467448206,9.776648031782994e-05
GAG,0.0015464879613911282,0.0007554682570014131,0.00042661736865962156,8.88786184707545e-06,0.00023997226987103714,8.88786184707545e-06,0.00010665434216490539,1.77757236941509e-05,8.88786184707545e-06,0.0006221503292952814,0.00023108440802396168,0.0005599352963657532,8.88786184707545e-06,8.88786184707545e-05,0.0003466266120359425,3.55514473883018e-05,0.0007376925333072623,8.88786184707545e-06,0.000355514473883018,0.0009776648031782993,1.77757236941509e-05,8.88786184707545e-06,0.0005599352963657532,2.6663585541226347e-05,1.77757236941509e-05,2.6663585541226347e-05,1.77757236941509e-05,8.88786184707545e-06,2.6663585541226347e-05,8.88786184707545e-06,7.11028947766036e-05,8.88786184707545e-06,8.88786184707545e-06,0.0007999075662367904,0.0005688231582128288,0.0007199168096131114,0.0002488601317181126,7.11028947766036e-05,0.0004977202634362252,4.443930923537725e-05,8.88786184707545e-06,0.00042661736865962156,0.0006843653622248095,8.88786184707545e-06,0.00022219654617688621,3.55514473883018e-05,2.6663585541226347e-05,0.00040884164496547064,0.00010665434216490539,0.0003288508883417916,8.88786184707545e-06,3.55514473883018e-05,0.00044439309235377243,5.3327171082452695e-05,0.000613262467448206,4.443930923537725e-05,0.0006754775003777341,0.0005332717108245269,0.0009243376320958467,0.0005066081252833006,0.0003199630264947162,1.77757236941509e-05
AGG,0.001324291415214242,8.88786184707545e-06,0.000871010461013394,8.88786184707545e-06,8.88786184707545e-06,8.88786184707545e-06,0.00033773875018886705,7.11028947766036e-05,8.88786184707545e-06,1.77757236941509e-05,8.88786184707545e-06,8.88786184707545e-06,6.221503292952815e-05,0.0003466266120359425,0.0006399260529894324,0.0020442082248273534,0.0008798983228604694,8.88786184707545e-06,0.00022219654617688621,0.0008443468754721677,6.221503292952815e-05,8.88786184707545e-06,0.0008621225991663186,8.88786184707545e-06,8.88786184707545e-06,8.88786184707545e-06,0.00033773875018886705,1.77757236941509e-05,0.0002844115791064144,1.77757236941509e-05,0.00021330868432981078,2.6663585541226347e-05,8.88786184707545e-06,0.0006043746056011305,0.00016886937509443353,0.0007999075662367904,0.0010043283887195258,0.0026041435211931066,8.88786184707545e-06,0.0009421133557899976,0.0010221041124136767,0.0002488601317181126,0.0005599352963657532,0.00046216881604792335,0.0005688231582128288,0.00037329019757716884,0.0002932994409534898,0.0002932994409534898,0.0005066081252833006,0.0006488139148365078,8.88786184707545e-06,8.88786184707545e-06,8.88786184707545e-06,8.88786184707545e-06,0.0011198705927315065,1.77757236941509e-05,3.55514473883018e-05,0.00037329019757716884,0.0008265711517780168,0.0006665896385306587,0.000951001217637073,0.00038217805942424433
AAG,0.0011998613493551856,8.88786184707545e-06,0.00033773875018886705,8.88786184707545e-06,0.0002844115791064144,8.88786184707545e-06,0.00044439309235377243,8.88786184707545e-06,8.88786184707545e-06,3.55514473883018e-05,0.00013331792770613173,0.0003644023357300934,8.88786184707545e-06,0.0011020948690373556,0.0006665896385306587,0.00022219654617688621,1.77757236941509e-05,8.88786184707545e-06,0.00019553296063565988,0.001466497204767449,6.221503292952815e-05,8.88786184707545e-06,0.0005332717108245269,8.88786184707545e-06,8.88786184707545e-06,1.77757236941509e-05,8.88786184707545e-06,8.88786184707545e-06,8.88786184707545e-06,8.88786184707545e-06,5.3327171082452695e-05,8.88786184707545e-06,9.776648031782994e-05,0.0005599352963657532,0.0009243376320958467,0.0012709642441317893,0.0008976740465546204,0.0011198705927315065,0.0003110751646476407,0.000177757236941509,0.00015109365140028263,0.0003999537831183952,0.0007021410859189605,8.88786184707545e-05,0.0004532809542008479,0.00039106592127131977,0.0002488601317181126,0.00025774799356518803,0.0006043746056011305,0.00020442082248273532,8.88786184707545e-06,1.77757236941509e-05,8.88786184707545e-06,8.88786184707545e-06,0.0001599815132473581,8.88786184707545e-06,0.00019553296063565988,0.0005510474345186778,0.00013331792770613173,0.0004799445397420743,0.00018664509878858442,0.0017064694746384862
ACG,0.0011820856256610347,0.0003288508883417916,7.11028947766036e-05,4.443930923537725e-05,0.0001244300658590563,8.88786184707545e-06,0.0002844115791064144,8.88786184707545e-06,1.77757236941509e-05,0.00011554220401198084,4.443930923537725e-05,8.88786184707545e-06,8.88786184707545e-06,0.0014309457573791473,0.0005154959871303761,0.0007288046714601868,1.77757236941509e-05,8.88786184707545e-06,8.88786184707545e-06,0.00030218730280056526,8.88786184707545e-06,8.88786184707545e-06,8.88786184707545e-06,8.88786184707545e-06,8.88786184707545e-06,8.88786184707545e-06,8.88786184707545e-06,8.88786184707545e-06,8.88786184707545e-06,8.88786184707545e-06,1.77757236941509e-05,1.77757236941509e-05,8.88786184707545e-06,1.77757236941509e-05,1.77757236941509e-05,0.0010843191453432047,0.0005421595726716024,3.55514473883018e-05,8.88786184707545e-06,8.88786184707545e-06,8.88786184707545e-06,1.77757236941509e-05,0.000435505230506697,8.88786184707545e-06,0.000177757236941509,0.0006488139148365078,1.77757236941509e-05,0.000693253224071885,8.88786184707545e-06,0.00030218730280056526,1.77757236941509e-05,1.77757236941509e-05,8.88786184707545e-06,7.999075662367905e-05,0.0002844115791064144,9.776648031782994e-05,8.88786184707545e-05,8.88786184707545e-06,0.00019553296063565988,8.88786184707545e-06,0.00038217805942424433,7.11028947766036e-05
GTT,0.0010843191453432047,0.0004799445397420743,0.00040884164496547064,8.88786184707545e-06,0.0009243376320958467,8.88786184707545e-06,0.00037329019757716884,8.88786184707545e-06,8.88786184707545e-06,5.3327171082452695e-05,8.88786184707545e-06,8.88786184707545e-06,8.88786184707545e-06,0.001048767697954903,0.00039106592127131977,0.001226524934896412,8.88786184707545e-06,2.6663585541226347e-05,8.88786184707545e-06,8.88786184707545e-06,5.3327171082452695e-05,8.88786184707545e-06,1.77757236941509e-05,0.000355514473883018,1.77757236941509e-05,8.88786184707545e-06,8.88786184707545e-06,8.88786184707545e-06,8.88786184707545e-06,8.88786184707545e-06,1.77757236941509e-05,8.88786184707545e-06,8.88786184707545e-06,8.88786184707545e-06,8.88786184707545e-06,1.77757236941509e-05,5.3327171082452695e-05,8.88786184707545e-06,0.0005865988819069797,8.88786184707545e-06,4.443930923537725e-05,8.88786184707545e-06,8.88786184707545e-06,8.88786184707545e-06,0.0002844115791064144,0.0014753850666145245,8.88786184707545e-06,0.0016709180272501845,8.88786184707545e-06,8.88786184707545e-06,8.88786184707545e-06,2.6663585541226347e-05,1.77757236941509e-05,7.11028947766036e-05,2.6663585541226347e-05,8.88786184707545e-06,0.00010665434216490539,8.88786184707545e-06,1.77757236941509e-05,3.55514473883018e-05,0.0010843191453432047,0.0008087954280838658
TTG,0.0011554220401198084,0.0009154497702487713,0.00033773875018886705,8.88786184707545e-06,0.00015109365140028263,8.88786184707545e-06,0.0005332717108245269,3.55514473883018e-05,8.88786184707545e-06,7.999075662367905e-05,0.00010665434216490539,8.88786184707545e-06,8.88786184707545e-06,0.0011554220401198084,0.0010043283887195258,0.0011198705927315065,8.88786184707545e-06,8.88786184707545e-06,1.77757236941509e-05,8.88786184707545e-06,0.0006043746056011305,1.77757236941509e-05,6.221503292952815e-05,0.0006043746056011305,8.88786184707545e-06,8.88786184707545e-06,8.88786184707545e-06,8.88786184707545e-06,8.88786184707545e-06,8.88786184707545e-06,6.221503292952815e-05,1.77757236941509e-05,0.00011554220401198084,8.88786184707545e-06,0.00046216881604792335,8.88786184707545e-06,0.0004888324015891497,8.88786184707545e-06,0.0001599815132473581,8.88786184707545e-06,0.0003288508883417916,1.77757236941509e-05,2.6663585541226347e-05,1.77757236941509e-05,1.77757236941509e-05,0.0007465803951543377,0.00023997226987103714,0.0009332254939429221,0.00011554220401198084,8.88786184707545e-06,8.88786184707545e-06,8.88786184707545e-06,8.88786184707545e-06,2.6663585541226347e-05,3.55514473883018e-05,0.0001599815132473581,0.00011554220401198084,8.88786184707545e-06,0.00010665434216490539,8.88786184707545e-06,0.00021330868432981078,0.0006577017766835832
ACT,0.0008887861847075449,0.00033773875018886705,0.00030218730280056526,0.0001422057895532072,8.88786184707545e-06,6.221503292952815e-05,0.00016886937509443353,8.88786184707545e-06,8.88786184707545e-06,2.6663585541226347e-05,8.88786184707545e-06,8.88786184707545e-06,8.88786184707545e-06,0.0010309919742607521,1.77757236941509e-05,0.00039106592127131977,8.88786184707545e-06,1.77757236941509e-05,8.88786184707545e-06,2.6663585541226347e-05,8.88786184707545e-06,8.88786184707545e-06,8.88786184707545e-06,8.88786184707545e-06,8.88786184707545e-06,8.88786184707545e-06,8.88786184707545e-06,8.88786184707545e-06,8.88786184707545e-06,8.88786184707545e-06,8.88786184707545e-06,8.88786184707545e-06,8.88786184707545e-06,1.77757236941509e-05,1.77757236941509e-05,0.0005066081252833006,0.00040884164496547064,8.88786184707545e-06,8.88786184707545e-06,8.88786184707545e-06,8.88786184707545e-06,8.88786184707545e-06,0.00015109365140028263,8.88786184707545e-06,0.00018664509878858442,0.0005777110200599042,8.88786184707545e-06,0.00037329019757716884,8.88786184707545e-06,0.0001244300658590563,8.88786184707545e-06,1.77757236941509e-05,8.88786184707545e-06,8.88786184707545e-06,0.0003199630264947162,8.88786184707545e-06,1.77757236941509e-05,8.88786184707545e-06,0.00026663585541226347,8.88786184707545e-06,0.0004532809542008479,2.6663585541226347e-05
CGG,0.0006577017766835832,8.88786184707545e-06,0.0004888324015891497,0.00010665434216490539,8.88786184707545e-06,0.00011554220401198084,0.0008354590136250923,8.88786184707545e-06,8.88786184707545e-06,1.77757236941509e-05,6.221503292952815e-05,8.88786184707545e-06,8.88786184707545e-06,0.0007643561188484887,0.001724245198332637,0.0011287584545785821,0.0016975816127914108,9.776648031782994e-05,0.000711028947766036,0.001208749211202261,0.00016886937509443353,8.88786184707545e-06,0.0010221041124136767,8.88786184707545e-06,8.88786184707545e-06,8.88786184707545e-06,8.88786184707545e-06,8.88786184707545e-06,8.88786184707545e-06,8.88786184707545e-06,8.88786184707545e-06,8.88786184707545e-06,8.88786184707545e-06,0.0003644023357300934,0.0008087954280838658,0.0008887861847075449,0.0006488139148365078,0.0001599815132473581,0.0008176832899309413,0.0008532347373192431,0.0007732439806955641,0.0003199630264947162,0.00022219654617688621,0.0002755237172593389,4.443930923537725e-05,0.0010043283887195258,7.999075662367905e-05,0.0002844115791064144,0.0007643561188484887,0.0007643561188484887,4.443930923537725e-05,8.88786184707545e-06,8.88786184707545e-06,8.88786184707545e-06,0.001981993191897825,8.88786184707545e-06,1.77757236941509e-05,0.00044439309235377243,0.0011198705927315065,8.88786184707545e-06,0.000693253224071885,0.0008887861847075449
GTC,0.0005510474345186778,0.0006488139148365078,0.001422057895532072,8.88786184707545e-05,0.000435505230506697,8.88786184707545e-06,0.0011643099019668839,8.88786184707545e-06,8.88786184707545e-06,7.999075662367905e-05,8.88786184707545e-06,8.88786184707545e-06,8.88786184707545e-06,0.0015109365140028262,0.0003110751646476407,0.0004710566778949988,8.88786184707545e-06,8.88786184707545e-06,8.88786184707545e-06,8.88786184707545e-06,8.88786184707545e-06,0.0001244300658590563,8.88786184707545e-06,0.0010843191453432047,8.88786184707545e-06,8.88786184707545e-06,8.88786184707545e-06,8.88786184707545e-06,8.88786184707545e-06,8.88786184707545e-06,8.88786184707545e-06,8.88786184707545e-06,1.77757236941509e-05,8.88786184707545e-06,0.00010665434216490539,8.88786184707545e-06,0.0002844115791064144,8.88786184707545e-06,0.0010221041124136767,3.55514473883018e-05,8.88786184707545e-06,8.88786184707545e-06,0.00016886937509443353,8.88786184707545e-06,0.00046216881604792335,6.221503292952815e-05,8.88786184707545e-06,0.0004888324015891497,3.55514473883018e-05,8.88786184707545e-06,1.77757236941509e-05,8.88786184707545e-06,1.77757236941509e-05,2.6663585541226347e-05,8.88786184707545e-06,8.88786184707545e-06,3.55514473883018e-05,1.77757236941509e-05,8.88786184707545e-06,8.88786184707545e-06,0.0014576093429203736,0.0011554220401198084
CTG,0.0005688231582128288,0.00022219654617688621,0.0009421133557899976,1.77757236941509e-05,9.776648031782994e-05,8.88786184707545e-06,0.000435505230506697,8.88786184707545e-06,8.88786184707545e-06,5.3327171082452695e-05,8.88786184707545e-06,1.77757236941509e-05,8.88786184707545e-06,0.0006043746056011305,0.002017544639286127,9.776648031782994e-05,8.88786184707545e-06,8.88786184707545e-06,2.6663585541226347e-05,2.6663585541226347e-05,0.000355514473883018,3.55514473883018e-05,7.999075662367905e-05,0.00025774799356518803,9.776648031782994e-05,8.88786184707545e-06,8.88786184707545e-06,0.0001422057895532072,8.88786184707545e-06,8.88786184707545e-06,8.88786184707545e-06,8.88786184707545e-06,0.00019553296063565988,0.00025774799356518803,0.00019553296063565988,6.221503292952815e-05,0.0011909734875081102,8.88786184707545e-06,0.00038217805942424433,1.77757236941509e-05,8.88786184707545e-06,0.00011554220401198084,0.0010843191453432047,7.11028947766036e-05,1.77757236941509e-05,0.000791019704389715,8.88786184707545e-06,0.0003110751646476407,1.77757236941509e-05,2.6663585541226347e-05,1.77757236941509e-05,8.88786184707545e-06,8.88786184707545e-06,8.88786184707545e-06,2.6663585541226347e-05,8.88786184707545e-06,0.00042661736865962156,8.88786184707545e-06,8.88786184707545e-06,8.88786184707545e-06,0.00010665434216490539,0.0009954405268724504
AGA,0.0005688231582128288,8.88786184707545e-06,0.0007821318425426395,8.88786184707545e-06,8.88786184707545e-06,8.88786184707545e-06,0.00019553296063565988,8.88786184707545e-06,8.88786184707545e-06,8.88786184707545e-06,8.88786184707545e-06,8.88786184707545e-06,8.88786184707545e-06,0.00025774799356518803,0.0005865988819069797,0.0007288046714601868,0.00023108440802396168,8.88786184707545e-06,0.0010932070071902802,8.88786184707545e-06,5.3327171082452695e-05,8.88786184707545e-06,0.0003288508883417916,8.88786184707545e-06,8.88786184707545e-06,8.88786184707545e-06,8.88786184707545e-06,8.88786184707545e-06,8.88786184707545e-06,0.0003199630264947162,8.88786184707545e-06,8.88786184707545e-06,8.88786184707545e-06,0.0004177295068125461,4.443930923537725e-05,0.0005154959871303761,0.0005066081252833006,0.00013331792770613173,0.0002932994409534898,0.00039106592127131977,0.0007465803951543377,0.00038217805942424433,0.0011820856256610347,0.0003999537831183952,0.000693253224071885,0.000711028947766036,0.0004710566778949988,8.88786184707545e-06,0.00013331792770613173,0.00023997226987103714,8.88786184707545e-06,8.88786184707545e-06,8.88786184707545e-06,8.88786184707545e-06,6.221503292952815e-05,8.88786184707545e-06,8.88786184707545e-06,0.0003288508883417916,0.0002488601317181126,0.00026663585541226347,0.00011554220401198084,0.00037329019757716884
TAG,0.0004888324015891497,0.00020442082248273532,0.0009421133557899976,0.00025774799356518803,0.0004177295068125461,0.0007999075662367904,0.00023997226987103714,0.00138650644814377,0.001306515691520091,0.0010043283887195258,0.0002755237172593389,0.0005777110200599042,0.0005154959871303761,0.0011554220401198084,0.0003110751646476407,0.00040884164496547064,0.0016531423035560336,0.0008443468754721677,0.0002755237172593389,0.001324291415214242,0.0009154497702487713,0.0006843653622248095,0.0005066081252833006,0.0008176832899309413,0.000435505230506697,0.0017686845075680143,0.0004532809542008479,0.00023108440802396168,0.0011554220401198084,0.0006665896385306587,0.00019553296063565988,0.00018664509878858442,0.0008176832899309413,0.00020442082248273532,0.00015109365140028263,0.0007021410859189605,0.0004177295068125461,3.55514473883018e-05,0.0002488601317181126,0.000951001217637073,0.0009065619084016958,0.0003644023357300934,0.00044439309235377243,0.00022219654617688621,0.000355514473883018,0.0008621225991663186,0.0005510474345186778,0.0005510474345186778,0.0002932994409534898,0.0006221503292952814,0.000613262467448206,0.001919778158968297,0.0002755237172593389,0.000693253224071885,0.0008087954280838658,0.0007199168096131114,0.0005599352963657532,0.000355514473883018,0.00042661736865962156,0.0011198705927315065,0.0011287584545785821,0.00042661736865962156
CGC,0.0005599352963657532,3.55514473883018e-05,0.0006754775003777341,9.776648031782994e-05,1.77757236941509e-05,8.88786184707545e-06,0.0005421595726716024,8.88786184707545e-06,8.88786184707545e-06,8.88786184707545e-05,3.55514473883018e-05,8.88786184707545e-06,8.88786184707545e-06,1.77757236941509e-05,0.0010043283887195258,0.0011820856256610347,0.00038217805942424433,8.88786184707545e-06,0.000951001217637073,0.0011554220401198084,4.443930923537725e-05,1.77757236941509e-05,0.0005599352963657532,2.6663585541226347e-05,8.88786184707545e-06,8.88786184707545e-06,8.88786184707545e-06,8.88786184707545e-06,8.88786184707545e-06,8.88786184707545e-06,8.88786184707545e-06,8.88786184707545e-06,6.221503292952815e-05,0.000435505230506697,0.001368730724449619,0.00039106592127131977,0.0006310381911423569,1.77757236941509e-05,6.221503292952815e-05,0.0007465803951543377,0.00020442082248273532,0.00042661736865962156,0.0008265711517780168,0.00026663585541226347,1.77757236941509e-05,0.00025774799356518803,0.000355514473883018,0.0008976740465546204,0.0007288046714601868,0.0007999075662367904,8.88786184707545e-06,4.443930923537725e-05,1.77757236941509e-05,8.88786184707545e-06,0.0005599352963657532,7.11028947766036e-05,3.55514473883018e-05,0.0007554682570014131,0.00039106592127131977,0.0001244300658590563,0.001110982730884431,0.0007732439806955641
GTA,0.0004532809542008479,0.000711028947766036,0.0010932070071902802,8.88786184707545e-06,0.0005599352963657532,8.88786184707545e-05,0.0005243838489774515,8.88786184707545e-06,8.88786184707545e-06,1.77757236941509e-05,8.88786184707545e-06,8.88786184707545e-06,0.0001422057895532072,0.000871010461013394,0.0008798983228604694,0.0005865988819069797,8.88786184707545e-06,8.88786184707545e-06,8.88786184707545e-06,0.0003199630264947162,7.999075662367905e-05,8.88786184707545e-06,8.88786184707545e-06,0.0009243376320958467,8.88786184707545e-06,8.88786184707545e-06,8.88786184707545e-06,8.88786184707545e-06,8.88786184707545e-06,8.88786184707545e-06,8.88786184707545e-06,8.88786184707545e-06,8.88786184707545e-06,8.88786184707545e-06,8.88786184707545e-06,0.0003110751646476407,1.77757236941509e-05,8.88786184707545e-06,0.0003466266120359425,8.88786184707545e-06,8.88786184707545e-06,8.88786184707545e-06,8.88786184707545e-06,8.88786184707545e-06,0.0009954405268724504,0.0003644023357300934,8.88786184707545e-06,7.999075662367905e-05,8.88786184707545e-06,8.88786184707545e-06,0.00011554220401198084,8.88786184707545e-06,8.88786184707545e-06,9.776648031782994e-05,8.88786184707545e-06,1.77757236941509e-05,3.55514473883018e-05,8.88786184707545e-06,8.88786184707545e-06,1.77757236941509e-05,0.00039106592127131977,0.00044439309235377243
CCT,0.0005243838489774515,7.11028947766036e-05,0.00019553296063565988,0.0007554682570014131,0.000355514473883018,0.0007732439806955641,0.0004710566778949988,0.0006221503292952814,8.88786184707545e-06,0.0008443468754721677,8.88786184707545e-06,0.0007021410859189605,0.0008976740465546204,0.001519824375849902,0.0003644023357300934,0.0003999537831183952,0.0011820856256610347,0.0004177295068125461,0.000951001217637073,8.88786184707545e-06,0.0005510474345186778,0.0006754775003777341,0.00026663585541226347,0.00030218730280056526,8.88786184707545e-06,8.88786184707545e-06,8.88786184707545e-06,8.88786184707545e-06,8.88786184707545e-06,1.77757236941509e-05,0.00020442082248273532,8.88786184707545e-06,0.0004532809542008479,0.0010665434216490539,0.00039106592127131977,8.88786184707545e-05,0.00010665434216490539,6.221503292952815e-05,0.00030218730280056526,0.0005421595726716024,8.88786184707545e-06,8.88786184707545e-06,0.00010665434216490539,8.88786184707545e-06,0.0004710566778949988,0.0010843191453432047,0.000871010461013394,0.00025774799356518803,0.00030218730280056526,0.00021330868432981078,0.0001244300658590563,0.00040884164496547064,0.0003288508883417916,8.88786184707545e-06,0.00025774799356518803,1.77757236941509e-05,0.0005954867437540551,0.0007021410859189605,0.0013154035533671665,0.0005777110200599042,0.0002755237172593389,0.000951001217637073
CGT,0.00038217805942424433,8.88786184707545e-06,0.0006577017766835832,8.88786184707545e-06,8.88786184707545e-06,8.88786184707545e-06,0.0007199168096131114,8.88786184707545e-06,8.88786184707545e-06,1.77757236941509e-05,8.88786184707545e-06,8.88786184707545e-06,2.6663585541226347e-05,2.6663585541226347e-05,0.0002844115791064144,0.00026663585541226347,0.0016709180272501845,8.88786184707545e-06,0.0006843653622248095,0.0013154035533671665,0.00023108440802396168,0.00023108440802396168,0.0004977202634362252,8.88786184707545e-06,8.88786184707545e-06,8.88786184707545e-06,8.88786184707545e-06,8.88786184707545e-06,8.88786184707545e-06,8.88786184707545e-06,8.88786184707545e-06,8.88786184707545e-06,8.88786184707545e-06,0.0005510474345186778,0.0002488601317181126,0.0009065619084016958,0.0007732439806955641,8.88786184707545e-06,0.0001599815132473581,0.00016886937509443353,0.00033773875018886705,1.77757236941509e-05,4.443930923537725e-05,0.000355514473883018,0.0001422057895532072,0.0005154959871303761,0.0006665896385306587,0.0005865988819069797,0.00044439309235377243,0.0007376925333072623,1.77757236941509e-05,8.88786184707545e-06,7.999075662367905e-05,8.88786184707545e-06,0.0013776185862966945,8.88786184707545e-06,8.88786184707545e-06,0.0006310381911423569,0.0004177295068125461,0.00026663585541226347,0.000355514473883018,0.0008887861847075449
TGA,0.00037329019757716884,0.0007999075662367904,0.00038217805942424433,0.0003199630264947162,0.0006843653622248095,0.0003644023357300934,2.6663585541226347e-05,0.0011731977638139593,0.0002844115791064144,0.0003466266120359425,0.0007021410859189605,0.00037329019757716884,3.55514473883018e-05,0.0006221503292952814,0.0009243376320958467,0.0013953943099908456,0.000951001217637073,0.0005510474345186778,0.00020442082248273532,0.001110982730884431,0.0002488601317181126,0.00046216881604792335,0.0004532809542008479,0.0006399260529894324,0.000791019704389715,0.0005510474345186778,0.00039106592127131977,0.00042661736865962156,0.0010221041124136767,0.0008265711517780168,0.0005510474345186778,0.000355514473883018,0.001368730724449619,0.0006221503292952814,0.0003644023357300934,0.0005954867437540551,0.0008887861847075449,0.002195301876227636,0.0003110751646476407,0.00018664509878858442,5.3327171082452695e-05,0.00040884164496547064,0.001368730724449619,0.0005243838489774515,0.000693253224071885,0.00042661736865962156,0.00021330868432981078,0.0010843191453432047,0.0008443468754721677,0.00038217805942424433,0.0004977202634362252,0.00013331792770613173,0.00039106592127131977,0.0005777110200599042,0.0004177295068125461,0.00022219654617688621,0.0003288508883417916,0.0007199168096131114,0.00021330868432981078,0.0005154959871303761,0.0007021410859189605,0.0004177295068125461
CCG,0.00042661736865962156,0.000871010461013394,0.00015109365140028263,0.0014753850666145245,0.0005243838489774515,0.0002755237172593389,0.0009598890794841485,0.0003199630264947162,8.88786184707545e-06,0.0009865526650253747,8.88786184707545e-06,0.0007288046714601868,0.0005243838489774515,0.0006221503292952814,0.00030218730280056526,0.0003644023357300934,0.00039106592127131977,0.0004177295068125461,0.0002844115791064144,0.00023108440802396168,0.00044439309235377243,0.00025774799356518803,0.0002488601317181126,0.0002755237172593389,8.88786184707545e-06,0.0003110751646476407,8.88786184707545e-06,8.88786184707545e-06,8.88786184707545e-06,8.88786184707545e-06,0.0007199168096131114,1.77757236941509e-05,0.00013331792770613173,0.00020442082248273532,0.0005154959871303761,0.00022219654617688621,4.443930923537725e-05,8.88786184707545e-06,8.88786184707545e-06,0.0011376463164256576,0.00039106592127131977,8.88786184707545e-06,0.0005154959871303761,8.88786184707545e-06,0.000693253224071885,0.0003110751646476407,0.0010754312834961293,0.0012176370730493365,0.0001422057895532072,0.0011554220401198084,7.11028947766036e-05,0.00020442082248273532,0.0003999537831183952,0.00037329019757716884,0.0005954867437540551,1.77757236941509e-05,0.0005154959871303761,0.0007643561188484887,0.0008087954280838658,2.6663585541226347e-05,0.0004532809542008479,0.0002844115791064144
GAA,0.000355514473883018,1.77757236941509e-05,0.00015109365140028263,8.88786184707545e-06,0.00010665434216490539,0.00011554220401198084,0.00018664509878858442,8.88786184707545e-06,8.88786184707545e-06,0.0005243838489774515,0.0006843653622248095,0.000613262467448206,8.88786184707545e-06,5.3327171082452695e-05,6.221503292952815e-05,8.88786184707545e-06,0.00037329019757716884,8.88786184707545e-06,0.0003644023357300934,3.55514473883018e-05,8.88786184707545e-06,8.88786184707545e-06,0.000613262467448206,1.77757236941509e-05,2.6663585541226347e-05,8.88786184707545e-06,8.88786184707545e-06,8.88786184707545e-06,8.88786184707545e-06,8.88786184707545e-06,0.0014131700336849965,8.88786184707545e-06,8.88786184707545e-06,0.0004710566778949988,0.0005066081252833006,0.00023108440802396168,9.776648031782994e-05,0.0005510474345186778,8.88786184707545e-06,1.77757236941509e-05,8.88786184707545e-06,0.0008176832899309413,0.00018664509878858442,2.6663585541226347e-05,0.00025774799356518803,0.0009421133557899976,8.88786184707545e-06,0.0005332717108245269,0.0010754312834961293,0.00044439309235377243,8.88786184707545e-06,1.77757236941509e-05,0.000435505230506697,8.88786184707545e-06,0.00020442082248273532,0.00010665434216490539,0.00013331792770613173,0.0011909734875081102,0.0004888324015891497,0.0003999537831183952,0.0005688231582128288,8.88786184707545e-06
TTC,0.0002844115791064144,0.00044439309235377243,0.0007199168096131114,4.443930923537725e-05,0.0006221503292952814,8.88786184707545e-06,0.0010932070071902802,8.88786184707545e-06,4.443930923537725e-05,0.00042661736865962156,0.00022219654617688621,3.55514473883018e-05,8.88786184707545e-06,0.0010576555598019784,0.0018931145734270706,0.0005865988819069797,2.6663585541226347e-05,0.00021330868432981078,0.0005421595726716024,8.88786184707545e-06,0.0007288046714601868,8.88786184707545e-06,0.000435505230506697,0.0009332254939429221,8.88786184707545e-06,6.221503292952815e-05,8.88786184707545e-06,8.88786184707545e-06,8.88786184707545e-06,8.88786184707545e-06,0.00022219654617688621,8.88786184707545e-05,8.88786184707545e-06,8.88786184707545e-06,0.002017544639286127,8.88786184707545e-06,8.88786184707545e-06,8.88786184707545e-06,8.88786184707545e-06,0.00033773875018886705,8.88786184707545e-06,0.0008798983228604694,0.0006843653622248095,8.88786184707545e-06,1.77757236941509e-05,0.0007376925333072623,0.0006665896385306587,0.00020442082248273532,0.0005599352963657532,2.6663585541226347e-05,2.6663585541226347e-05,8.88786184707545e-06,8.88786184707545e-06,0.000177757236941509,0.0005954867437540551,0.00011554220401198084,0.00030218730280056526,1.77757236941509e-05,0.0001422057895532072,0.00019553296063565988,0.0006843653622248095,0.0009598890794841485
CTC,0.0003288508883417916,0.0009598890794841485,0.0012620763822847139,8.88786184707545e-06,0.0002755237172593389,8.88786184707545e-06,0.0004177295068125461,1.77757236941509e-05,3.55514473883018e-05,8.88786184707545e-06,8.88786184707545e-06,8.88786184707545e-06,8.88786184707545e-06,0.0006843653622248095,0.0016531423035560336,0.0010665434216490539,8.88786184707545e-06,8.88786184707545e-06,0.00019553296063565988,8.88786184707545e-06,0.00021330868432981078,1.77757236941509e-05,0.0022575169091571643,0.00020442082248273532,8.88786184707545e-06,8.88786184707545e-06,8.88786184707545e-06,8.88786184707545e-06,8.88786184707545e-06,8.88786184707545e-06,8.88786184707545e-06,8.88786184707545e-06,8.88786184707545e-06,0.00015109365140028263,0.0008443468754721677,8.88786184707545e-06,0.00025774799356518803,1.77757236941509e-05,4.443930923537725e-05,1.77757236941509e-05,8.88786184707545e-06,3.55514473883018e-05,0.00040884164496547064,7.999075662367905e-05,8.88786184707545e-06,0.0010754312834961293,8.88786184707545e-06,0.0005243838489774515,1.77757236941509e-05,8.88786184707545e-06,1.77757236941509e-05,8.88786184707545e-06,5.3327171082452695e-05,8.88786184707545e-06,8.88786184707545e-06,4.443930923537725e-05,0.0003199630264947162,8.88786184707545e-06,1.77757236941509e-05,8.88786184707545e-06,0.00023997226987103714,0.0010398798361078276
CAG,0.0003110751646476407,0.0002488601317181126,0.0006843653622248095,8.88786184707545e-06,8.88786184707545e-05,8.88786184707545e-06,1.77757236941509e-05,8.88786184707545e-06,8.88786184707545e-06,8.88786184707545e-06,8.88786184707545e-06,0.00025774799356518803,8.88786184707545e-06,0.0003110751646476407,0.0004977202634362252,0.0009154497702487713,1.77757236941509e-05,8.88786184707545e-06,0.000951001217637073,0.0016353665798618825,8.88786184707545e-06,8.88786184707545e-06,0.0011020948690373556,2.6663585541226347e-05,8.88786184707545e-06,2.6663585541226347e-05,8.88786184707545e-06,8.88786184707545e-06,2.6663585541226347e-05,8.88786184707545e-06,0.0003199630264947162,1.77757236941509e-05,1.77757236941509e-05,0.0006843653622248095,0.00046216881604792335,0.00025774799356518803,0.000435505230506697,7.999075662367905e-05,0.00021330868432981078,2.6663585541226347e-05,0.00010665434216490539,8.88786184707545e-06,0.0002488601317181126,1.77757236941509e-05,0.0005954867437540551,0.0005510474345186778,0.00018664509878858442,0.00026663585541226347,0.00025774799356518803,1.77757236941509e-05,8.88786184707545e-06,1.77757236941509e-05,2.6663585541226347e-05,8.88786184707545e-06,0.0005154959871303761,8.88786184707545e-06,0.00021330868432981078,0.0003199630264947162,8.88786184707545e-06,0.0005421595726716024,0.0001599815132473581,7.999075662367905e-05
CTT,0.0002844115791064144,0.0008443468754721677,0.000791019704389715,8.88786184707545e-06,0.0002755237172593389,8.88786184707545e-06,0.00044439309235377243,8.88786184707545e-06,0.00021330868432981078,2.6663585541226347e-05,8.88786184707545e-06,4.443930923537725e-05,8.88786184707545e-06,0.0010398798361078276,0.0013331792770613173,0.000177757236941509,8.88786184707545e-06,8.88786184707545e-06,2.6663585541226347e-05,8.88786184707545e-06,0.00018664509878858442,6.221503292952815e-05,1.77757236941509e-05,0.0003466266120359425,2.6663585541226347e-05,8.88786184707545e-06,2.6663585541226347e-05,8.88786184707545e-06,8.88786184707545e-06,8.88786184707545e-06,0.0001599815132473581,1.77757236941509e-05,8.88786184707545e-06,4.443930923537725e-05,0.001742020922026788,8.88786184707545e-06,0.00040884164496547064,1.77757236941509e-05,0.0004532809542008479,1.77757236941509e-05,8.88786184707545e-06,0.00010665434216490539,0.00037329019757716884,8.88786184707545e-06,1.77757236941509e-05,0.0007465803951543377,1.77757236941509e-05,0.00019553296063565988,0.0004888324015891497,8.88786184707545e-06,8.88786184707545e-06,8.88786184707545e-06,8.88786184707545e-06,8.88786184707545e-06,2.6663585541226347e-05,8.88786184707545e-06,0.000435505230506697,8.88786184707545e-06,8.88786184707545e-06,2.6663585541226347e-05,0.00018664509878858442,0.0005954867437540551
ATG,0.0002844115791064144,0.00039106592127131977,0.00010665434216490539,8.88786184707545e-06,0.0006043746056011305,8.88786184707545e-06,0.0001244300658590563,8.88786184707545e-06,8.88786184707545e-06,5.3327171082452695e-05,8.88786184707545e-06,8.88786184707545e-06,0.00010665434216490539,0.0011198705927315065,0.0005154959871303761,0.001662030165403109,8.88786184707545e-06,8.88786184707545e-06,0.00010665434216490539,3.55514473883018e-05,6.221503292952815e-05,2.6663585541226347e-05,0.00013331792770613173,8.88786184707545e-06,8.88786184707545e-06,8.88786184707545e-06,8.88786184707545e-06,8.88786184707545e-06,8.88786184707545e-06,8.88786184707545e-06,8.88786184707545e-06,0.00020442082248273532,8.88786184707545e-06,1.77757236941509e-05,0.00011554220401198084,8.88786184707545e-06,0.0004799445397420743,1.77757236941509e-05,0.0007732439806955641,1.77757236941509e-05,8.88786184707545e-06,1.77757236941509e-05,0.00044439309235377243,8.88786184707545e-06,8.88786184707545e-06,0.0005243838489774515,0.00016886937509443353,0.0004710566778949988,1.77757236941509e-05,8.88786184707545e-06,8.88786184707545e-06,8.88786184707545e-06,8.88786184707545e-06,1.77757236941509e-05,0.00033773875018886705,8.88786184707545e-06,0.00026663585541226347,8.88786184707545e-06,8.88786184707545e-06,8.88786184707545e-06,8.88786184707545e-06,0.0003644023357300934
CGA,0.00026663585541226347,8.88786184707545e-06,0.0005154959871303761,8.88786184707545e-06,1.77757236941509e-05,0.00013331792770613173,0.0004710566778949988,8.88786184707545e-06,8.88786184707545e-06,2.6663585541226347e-05,0.00020442082248273532,8.88786184707545e-06,6.221503292952815e-05,0.00023997226987103714,0.00020442082248273532,0.0007021410859189605,0.0021686382906864095,6.221503292952815e-05,0.0008798983228604694,0.000613262467448206,6.221503292952815e-05,1.77757236941509e-05,0.00037329019757716884,8.88786184707545e-06,8.88786184707545e-06,8.88786184707545e-06,8.88786184707545e-06,8.88786184707545e-06,8.88786184707545e-06,8.88786184707545e-06,8.88786184707545e-06,8.88786184707545e-06,8.88786184707545e-06,0.0003466266120359425,0.00015109365140028263,0.00039106592127131977,0.0003999537831183952,0.0006754775003777341,8.88786184707545e-06,0.0005954867437540551,0.0002844115791064144,8.88786184707545e-06,0.0005066081252833006,0.0003110751646476407,6.221503292952815e-05,0.0008087954280838658,0.0002844115791064144,0.0010665434216490539,0.0011731977638139593,0.00030218730280056526,8.88786184707545e-06,1.77757236941509e-05,1.77757236941509e-05,8.88786184707545e-06,0.00026663585541226347,8.88786184707545e-06,6.221503292952815e-05,0.0001599815132473581,0.0004799445397420743,0.00020442082248273532,0.0003644023357300934,0.0003999537831183952
ATC,0.0002488601317181126,0.00023997226987103714,0.000355514473883018,8.88786184707545e-06,0.0001422057895532072,8.88786184707545e-06,8.88786184707545e-05,8.88786184707545e-06,8.88786184707545e-06,6.221503292952815e-05,8.88786184707545e-06,8.88786184707545e-06,8.88786184707545e-06,0.0009332254939429221,0.0006754775003777341,8.88786184707545e-06,8.88786184707545e-06,8.88786184707545e-06,8.88786184707545e-06,8.88786184707545e-06,1.77757236941509e-05,8.88786184707545e-06,1.77757236941509e-05,0.0003110751646476407,8.88786184707545e-06,8.88786184707545e-06,8.88786184707545e-06,1.77757236941509e-05,8.88786184707545e-06,8.88786184707545e-06,8.88786184707545e-06,8.88786184707545e-06,8.88786184707545e-06,1.77757236941509e-05,2.6663585541226347e-05,5.3327171082452695e-05,2.6663585541226347e-05,8.88786184707545e-06,0.00026663585541226347,8.88786184707545e-06,8.88786184707545e-06,0.0007199168096131114,0.001964217468203674,8.88786184707545e-06,0.0006043746056011305,0.000355514473883018,8.88786184707545e-06,0.0005332717108245269,8.88786184707545e-06,8.88786184707545e-06,8.88786184707545e-06,8.88786184707545e-06,8.88786184707545e-06,0.00010665434216490539,8.88786184707545e-06,4.443930923537725e-05,2.6663585541226347e-05,8.88786184707545e-06,1.77757236941509e-05,2.6663585541226347e-05,0.0004532809542008479,0.0005510474345186778
TTT,0.00016886937509443353,0.0005332717108245269,0.0004532809542008479,8.88786184707545e-06,0.0007199168096131114,1.77757236941509e-05,0.0006665896385306587,7.999075662367905e-05,4.443930923537725e-05,0.00013331792770613173,0.0002932994409534898,8.88786184707545e-06,1.77757236941509e-05,0.0010043283887195258,0.0008532347373192431,0.0006754775003777341,8.88786184707545e-06,8.88786184707545e-06,0.0013154035533671665,0.00023108440802396168,0.0004888324015891497,0.00013331792770613173,0.0005066081252833006,0.0006843653622248095,0.00013331792770613173,1.77757236941509e-05,8.88786184707545e-06,8.88786184707545e-06,0.00016886937509443353,8.88786184707545e-06,8.88786184707545e-06,8.88786184707545e-06,8.88786184707545e-06,8.88786184707545e-06,0.0012443006585905628,2.6663585541226347e-05,8.88786184707545e-06,0.00023108440802396168,0.0005599352963657532,0.0007643561188484887,8.88786184707545e-06,0.0007821318425426395,1.77757236941509e-05,0.00019553296063565988,0.0001244300658590563,0.0023286198039337677,0.0004888324015891497,0.0004977202634362252,0.0011287584545785821,1.77757236941509e-05,2.6663585541226347e-05,9.776648031782994e-05,8.88786184707545e-06,1.77757236941509e-05,0.0007199168096131114,0.00023108440802396168,0.0012176370730493365,2.6663585541226347e-05,8.88786184707545e-06,1.77757236941509e-05,0.0004799445397420743,0.0004888324015891497
ATT,0.00019553296063565988,0.0002755237172593389,0.00030218730280056526,1.77757236941509e-05,0.00015109365140028263,8.88786184707545e-06,6.221503292952815e-05,8.88786184707545e-06,8.88786184707545e-06,6.221503292952815e-05,0.0001244300658590563,1.77757236941509e-05,8.88786184707545e-06,0.0008265711517780168,0.0003110751646476407,0.00042661736865962156,8.88786184707545e-06,0.0001599815132473581,8.88786184707545e-06,8.88786184707545e-06,8.88786184707545e-05,2.6663585541226347e-05,1.77757236941509e-05,0.0003110751646476407,8.88786184707545e-06,2.6663585541226347e-05,8.88786184707545e-06,8.88786184707545e-06,8.88786184707545e-06,8.88786184707545e-06,8.88786184707545e-06,8.88786184707545e-06,8.88786184707545e-06,0.00022219654617688621,1.77757236941509e-05,8.88786184707545e-06,2.6663585541226347e-05,4.443930923537725e-05,0.000693253224071885,8.88786184707545e-06,8.88786184707545e-06,0.0006665896385306587,0.00018664509878858442,8.88786184707545e-06,0.0001244300658590563,0.0011998613493551856,8.88786184707545e-05,0.0005599352963657532,8.88786184707545e-06,8.88786184707545e-06,8.88786184707545e-06,8.88786184707545e-06,1.77757236941509e-05,0.00040884164496547064,8.88786184707545e-06,7.11028947766036e-05,0.0001244300658590563,1.77757236941509e-05,8.88786184707545e-06,8.88786184707545e-06,0.0005421595726716024,0.000355514473883018
TAC,0.00016886937509443353,0.00011554220401198084,0.0009421133557899976,8.88786184707545e-06,7.11028947766036e-05,8.88786184707545e-06,0.00013331792770613173,1.77757236941509e-05,8.88786184707545e-06,9.776648031782994e-05,0.00021330868432981078,8.88786184707545e-06,8.88786184707545e-06,0.0004888324015891497,0.00040884164496547064,0.0005688231582128288,0.0004799445397420743,8.88786184707545e-06,0.000177757236941509,0.00044439309235377243,0.00021330868432981078,8.88786184707545e-06,0.0005599352963657532,1.77757236941509e-05,8.88786184707545e-06,8.88786184707545e-06,8.88786184707545e-06,8.88786184707545e-06,8.88786184707545e-06,8.88786184707545e-06,1.77757236941509e-05,5.3327171082452695e-05,8.88786184707545e-06,8.88786184707545e-06,1.77757236941509e-05,2.6663585541226347e-05,8.88786184707545e-06,7.999075662367905e-05,8.88786184707545e-06,0.0002488601317181126,8.88786184707545e-06,0.00018664509878858442,0.000871010461013394,2.6663585541226347e-05,1.77757236941509e-05,0.0005421595726716024,0.00016886937509443353,0.00015109365140028263,0.0004799445397420743,3.55514473883018e-05,2.6663585541226347e-05,8.88786184707545e-06,8.88786184707545e-06,1.77757236941509e-05,2.6663585541226347e-05,8.88786184707545e-06,0.0008976740465546204,0.00018664509878858442,8.88786184707545e-06,0.000177757236941509,0.00015109365140028263,0.0003199630264947162
TAT,0.00011554220401198084,1.77757236941509e-05,0.0004799445397420743,0.0001422057895532072,0.0002932994409534898,8.88786184707545e-06,0.000177757236941509,6.221503292952815e-05,8.88786184707545e-06,0.00020442082248273532,0.00013331792770613173,8.88786184707545e-06,0.0003466266120359425,0.00025774799356518803,0.0006043746056011305,0.0006043746056011305,0.0002488601317181126,0.00022219654617688621,0.0010221041124136767,0.0006043746056011305,9.776648031782994e-05,8.88786184707545e-06,0.00046216881604792335,1.77757236941509e-05,1.77757236941509e-05,8.88786184707545e-06,8.88786184707545e-06,8.88786184707545e-06,3.55514473883018e-05,8.88786184707545e-06,8.88786184707545e-06,0.00011554220401198084,8.88786184707545e-06,8.88786184707545e-06,0.0006665896385306587,8.88786184707545e-06,8.88786184707545e-06,0.00020442082248273532,5.3327171082452695e-05,0.0005865988819069797,8.88786184707545e-06,0.0010309919742607521,0.0003110751646476407,8.88786184707545e-06,6.221503292952815e-05,0.0008265711517780168,0.00011554220401198084,0.00023108440802396168,1.77757236941509e-05,0.0001244300658590563,0.00016886937509443353,2.6663585541226347e-05,6.221503292952815e-05,0.00011554220401198084,0.00015109365140028263,2.6663585541226347e-05,0.0002932994409534898,0.0008265711517780168,1.77757236941509e-05,9.776648031782994e-05,0.0005865988819069797,0.0001422057895532072
TGT,0.00010665434216490539,1.77757236941509e-05,0.0006665896385306587,1.77757236941509e-05,0.00018664509878858442,8.88786184707545e-06,0.00023997226987103714,0.00010665434216490539,1.77757236941509e-05,8.88786184707545e-06,8.88786184707545e-06,8.88786184707545e-06,8.88786184707545e-06,0.0007554682570014131,1.77757236941509e-05,0.0008887861847075449,7.11028947766036e-05,1.77757236941509e-05,1.77757236941509e-05,0.0006043746056011305,0.0004532809542008479,8.88786184707545e-06,8.88786184707545e-06,5.3327171082452695e-05,1.77757236941509e-05,8.88786184707545e-06,8.88786184707545e-06,1.77757236941509e-05,8.88786184707545e-06,8.88786184707545e-06,7.999075662367905e-05,8.88786184707545e-06,8.88786184707545e-06,8.88786184707545e-06,0.00023108440802396168,1.77757236941509e-05,1.77757236941509e-05,1.77757236941509e-05,0.0007554682570014131,8.88786184707545e-06,8.88786184707545e-06,8.88786184707545e-06,2.6663585541226347e-05,0.0001422057895532072,0.00026663585541226347,8.88786184707545e-06,8.88786184707545e-06,0.00042661736865962156,1.77757236941509e-05,4.443930923537725e-05,0.00020442082248273532,8.88786184707545e-06,1.77757236941509e-05,8.88786184707545e-06,0.000693253224071885,6.221503292952815e-05,0.00016886937509443353,8.88786184707545e-06,8.88786184707545e-06,8.88786184707545e-06,0.0007021410859189605,0.00021330868432981078
CCC,9.776648031782994e-05,0.0008887861847075449,0.0008176832899309413,0.0010932070071902802,0.0003110751646476407,0.00011554220401198084,0.0007199168096131114,0.00038217805942424433,8.88786184707545e-06,0.0006221503292952814,8.88786184707545e-06,8.88786184707545e-05,0.0003644023357300934,0.0005510474345186778,8.88786184707545e-06,0.0001599815132473581,8.88786184707545e-06,0.0006043746056011305,0.0007465803951543377,0.0005332717108245269,0.00022219654617688621,0.0004710566778949988,0.00038217805942424433,0.00038217805942424433,8.88786184707545e-06,0.00019553296063565988,8.88786184707545e-06,8.88786184707545e-06,8.88786184707545e-06,8.88786184707545e-06,7.999075662367905e-05,2.6663585541226347e-05,0.00023108440802396168,0.00040884164496547064,0.0001599815132473581,1.77757236941509e-05,0.0006843653622248095,0.0008976740465546204,0.0002488601317181126,0.0004710566778949988,8.88786184707545e-06,8.88786184707545e-06,0.001368730724449619,1.77757236941509e-05,0.0007199168096131114,0.0003110751646476407,0.000177757236941509,0.0003999537831183952,0.00042661736865962156,0.00015109365140028263,0.0006310381911423569,8.88786184707545e-06,0.000177757236941509,0.00015109365140028263,0.0005243838489774515,2.6663585541226347e-05,0.0008265711517780168,0.000355514473883018,0.0003288508883417916,0.000693253224071885,0.00011554220401198084,0.0005510474345186778
ACA,7.999075662367905e-05,1.77757236941509e-05,0.0006577017766835832,8.88786184707545e-06,8.88786184707545e-06,8.88786184707545e-06,0.00025774799356518803,8.88786184707545e-06,8.88786184707545e-06,8.88786184707545e-06,8.88786184707545e-06,8.88786184707545e-06,8.88786184707545e-06,0.0006221503292952814,8.88786184707545e-06,0.00023997226987103714,8.88786184707545e-06,8.88786184707545e-06,1.77757236941509e-05,8.88786184707545e-06,8.88786184707545e-06,8.88786184707545e-06,8.88786184707545e-06,0.00018664509878858442,1.77757236941509e-05,8.88786184707545e-06,8.88786184707545e-06,8.88786184707545e-06,8.88786184707545e-06,8.88786184707545e-06,8.88786184707545e-06,8.88786184707545e-06,8.88786184707545e-06,1.77757236941509e-05,2.6663585541226347e-05,0.00037329019757716884,0.00010665434216490539,1.77757236941509e-05,8.88786184707545e-06,8.88786184707545e-06,8.88786184707545e-06,8.88786184707545e-06,0.001919778158968297,8.88786184707545e-06,0.0004888324015891497,0.0008354590136250923,1.77757236941509e-05,0.00013331792770613173,0.00023108440802396168,6.221503292952815e-05,8.88786184707545e-06,8.88786184707545e-06,8.88786184707545e-06,8.88786184707545e-06,8.88786184707545e-06,3.55514473883018e-05,8.88786184707545e-06,1.77757236941509e-05,3.55514473883018e-05,1.77757236941509e-05,0.0003288508883417916,8.88786184707545e-06
GCG,0.0001244300658590563,0.0003644023357300934,0.0006488139148365078,8.88786184707545e-06,0.0009332254939429221,8.88786184707545e-06,2.6663585541226347e-05,8.88786184707545e-06,8.88786184707545e-06,8.88786184707545e-06,8.88786184707545e-06,8.88786184707545e-06,8.88786184707545e-06,0.00015109365140028263,1.77757236941509e-05,0.001519824375849902,7.999075662367905e-05,8.88786184707545e-06,9.776648031782994e-05,0.0008798983228604694,0.00018664509878858442,8.88786184707545e-06,3.55514473883018e-05,0.00042661736865962156,8.88786184707545e-06,8.88786184707545e-06,8.88786184707545e-06,8.88786184707545e-06,8.88786184707545e-06,8.88786184707545e-06,8.88786184707545e-06,8.88786184707545e-06,8.88786184707545e-06,8.88786184707545e-06,8.88786184707545e-06,0.0013598428626025436,3.55514473883018e-05,8.88786184707545e-06,8.88786184707545e-05,1.77757236941509e-05,8.88786184707545e-06,8.88786184707545e-06,0.0004177295068125461,8.88786184707545e-06,8.88786184707545e-06,0.00044439309235377243,8.88786184707545e-06,0.0011198705927315065,8.88786184707545e-06,8.88786184707545e-06,8.88786184707545e-06,8.88786184707545e-06,1.77757236941509e-05,0.00010665434216490539,0.001644254441708958,8.88786184707545e-06,0.0007554682570014131,8.88786184707545e-06,8.88786184707545e-06,3.55514473883018e-05,6.221503292952815e-05,0.0002932994409534898
TAA,5.3327171082452695e-05,0.0006843653622248095,0.0005865988819069797,0.0015553758232382036,0.000177757236941509,0.0004177295068125461,0.0006843653622248095,0.0007999075662367904,0.0001599815132473581,0.000177757236941509,0.00042661736865962156,0.0005066081252833006,0.0008798983228604694,0.0011554220401198084,0.0009065619084016958,0.00018664509878858442,0.0006577017766835832,0.0005332717108245269,0.00015109365140028263,0.0004977202634362252,0.0007021410859189605,0.00020442082248273532,0.0005421595726716024,0.0003110751646476407,0.0003644023357300934,0.0006043746056011305,0.0004532809542008479,0.0002755237172593389,0.0008621225991663186,0.0001599815132473581,0.00015109365140028263,0.0011998613493551856,0.0001599815132473581,0.0006399260529894324,0.0002844115791064144,0.0003288508883417916,0.0005243838489774515,0.0006665896385306587,0.0003199630264947162,0.0005332717108245269,5.3327171082452695e-05,0.0002932994409534898,0.0010576555598019784,1.77757236941509e-05,0.0008976740465546204,0.0004799445397420743,0.0002755237172593389,0.0005421595726716024,0.0005865988819069797,0.0001244300658590563,0.0005954867437540551,0.0001244300658590563,0.00040884164496547064,0.00037329019757716884,6.221503292952815e-05,0.00023108440802396168,0.00023108440802396168,0.000693253224071885,0.00040884164496547064,0.0004799445397420743,0.00016886937509443353,7.999075662367905e-05
AGT,5.3327171082452695e-05,0.00042661736865962156,0.0001599815132473581,8.88786184707545e-06,0.00022219654617688621,0.00016886937509443353,0.0006665896385306587,8.88786184707545e-06,8.88786184707545e-06,8.88786184707545e-06,8.88786184707545e-06,9.776648031782994e-05,8.88786184707545e-06,0.0001422057895532072,8.88786184707545e-05,0.000355514473883018,0.0006043746056011305,8.88786184707545e-06,1.77757236941509e-05,0.0009421133557899976,1.77757236941509e-05,8.88786184707545e-06,3.55514473883018e-05,8.88786184707545e-06,0.0003999537831183952,1.77757236941509e-05,7.999075662367905e-05,3.55514473883018e-05,8.88786184707545e-06,8.88786184707545e-06,5.3327171082452695e-05,8.88786184707545e-06,8.88786184707545e-06,8.88786184707545e-06,1.77757236941509e-05,0.0003466266120359425,0.00022219654617688621,1.77757236941509e-05,8.88786184707545e-06,1.77757236941509e-05,8.88786184707545e-06,1.77757236941509e-05,0.000435505230506697,8.88786184707545e-06,0.0005865988819069797,0.00158203940877943,8.88786184707545e-06,0.00016886937509443353,3.55514473883018e-05,0.0005777110200599042,8.88786184707545e-06,0.00015109365140028263,8.88786184707545e-06,1.77757236941509e-05,0.000693253224071885,8.88786184707545e-06,0.0007732439806955641,1.77757236941509e-05,0.00039106592127131977,1.77757236941509e-05,5.3327171082452695e-05,1.77757236941509e-05
GGG,5.3327171082452695e-05,0.0011287584545785821,0.0010754312834961293,8.88786184707545e-06,0.0002755237172593389,0.00011554220401198084,0.00046216881604792335,8.88786184707545e-06,8.88786184707545e-06,1.77757236941509e-05,5.3327171082452695e-05,0.00026663585541226347,1.77757236941509e-05,0.0007288046714601868,3.55514473883018e-05,0.0021064232577568814,0.0014753850666145245,4.443930923537725e-05,0.0011731977638139593,0.0026663585541226347,0.0001422057895532072,8.88786184707545e-06,2.6663585541226347e-05,8.88786184707545e-06,0.00026663585541226347,8.88786184707545e-06,8.88786184707545e-06,8.88786184707545e-06,8.88786184707545e-06,8.88786184707545e-06,0.00015109365140028263,8.88786184707545e-06,8.88786184707545e-06,0.00016886937509443353,0.0010843191453432047,0.0015909272706265054,0.0005599352963657532,6.221503292952815e-05,0.0007021410859189605,0.00016886937509443353,8.88786184707545e-06,0.0005688231582128288,1.77757236941509e-05,8.88786184707545e-06,0.0011198705927315065,0.0005066081252833006,8.88786184707545e-06,1.77757236941509e-05,8.88786184707545e-06,0.0013154035533671665,2.6663585541226347e-05,6.221503292952815e-05,0.000951001217637073,8.88786184707545e-06,0.0014842729284616,8.88786184707545e-05,0.0006754775003777341,0.0008798983228604694,0.0005154959871303761,0.00020442082248273532,2.6663585541226347e-05,0.0011731977638139593
AAA,3.55514473883018e-05,1.77757236941509e-05,0.0003199630264947162,8.88786184707545e-06,6.221503292952815e-05,8.88786184707545e-06,0.0001422057895532072,8.88786184707545e-06,8.88786184707545e-06,8.88786184707545e-06,8.88786184707545e-06,8.88786184707545e-06,8.88786184707545e-06,0.0003110751646476407,0.0004710566778949988,0.00026663585541226347,0.00042661736865962156,8.88786184707545e-06,0.00015109365140028263,1.77757236941509e-05,2.6663585541226347e-05,8.88786184707545e-06,0.0004532809542008479,2.6663585541226347e-05,5.3327171082452695e-05,8.88786184707545e-06,1.77757236941509e-05,8.88786184707545e-06,8.88786184707545e-06,8.88786184707545e-06,2.6663585541226347e-05,1.77757236941509e-05,8.88786184707545e-06,0.0003110751646476407,0.0008176832899309413,0.00010665434216490539,0.0002844115791064144,8.88786184707545e-06,0.00026663585541226347,0.0005599352963657532,0.00039106592127131977,0.0006221503292952814,0.0019731053300507495,0.00020442082248273532,4.443930923537725e-05,0.0001599815132473581,0.0006221503292952814,0.00033773875018886705,1.77757236941509e-05,8.88786184707545e-06,8.88786184707545e-06,8.88786184707545e-06,8.88786184707545e-06,8.88786184707545e-06,8.88786184707545e-06,8.88786184707545e-06,1.77757236941509e-05,0.0007465803951543377,7.11028947766036e-05,0.0007554682570014131,8.88786184707545e-06,0.0004799445397420743
TCA,2.6663585541226347e-05,0.0008265711517780168,0.00015109365140028263,8.88786184707545e-06,9.776648031782994e-05,4.443930923537725e-05,0.0001244300658590563,0.00019553296063565988,8.88786184707545e-06,1.77757236941509e-05,8.88786184707545e-06,2.6663585541226347e-05,8.88786184707545e-06,0.0010576555598019784,2.6663585541226347e-05,0.0004710566778949988,0.0006843653622248095,1.77757236941509e-05,8.88786184707545e-06,6.221503292952815e-05,1.77757236941509e-05,8.88786184707545e-06,1.77757236941509e-05,0.00037329019757716884,8.88786184707545e-06,0.0001422057895532072,8.88786184707545e-06,8.88786184707545e-06,8.88786184707545e-06,8.88786184707545e-06,0.0002488601317181126,1.77757236941509e-05,8.88786184707545e-06,8.88786184707545e-06,8.88786184707545e-06,0.0003466266120359425,0.00046216881604792335,1.77757236941509e-05,8.88786184707545e-06,8.88786184707545e-06,8.88786184707545e-06,1.77757236941509e-05,0.0008087954280838658,8.88786184707545e-06,0.0008354590136250923,0.0007465803951543377,8.88786184707545e-06,0.0002932994409534898,3.55514473883018e-05,0.0004799445397420743,8.88786184707545e-06,0.0001244300658590563,0.0001244300658590563,8.88786184707545e-06,0.0001422057895532072,1.77757236941509e-05,0.000693253224071885,8.88786184707545e-06,0.00016886937509443353,8.88786184707545e-06,8.88786184707545e-06,0.0005332717108245269
TCG,1.77757236941509e-05,0.0010309919742607521,1.77757236941509e-05,1.77757236941509e-05,0.0002844115791064144,8.88786184707545e-06,0.00026663585541226347,1.77757236941509e-05,1.77757236941509e-05,8.88786184707545e-06,8.88786184707545e-06,8.88786184707545e-06,8.88786184707545e-06,0.00016886937509443353,0.00015109365140028263,0.0006843653622248095,0.000613262467448206,8.88786184707545e-06,1.77757236941509e-05,0.0004710566778949988,1.77757236941509e-05,8.88786184707545e-06,0.00011554220401198084,1.77757236941509e-05,0.00020442082248273532,8.88786184707545e-06,8.88786184707545e-06,8.88786184707545e-06,8.88786184707545e-06,8.88786184707545e-06,5.3327171082452695e-05,8.88786184707545e-06,8.88786184707545e-06,8.88786184707545e-06,8.88786184707545e-06,0.0008532347373192431,0.0003466266120359425,8.88786184707545e-06,8.88786184707545e-06,1.77757236941509e-05,8.88786184707545e-06,8.88786184707545e-06,0.00046216881604792335,5.3327171082452695e-05,0.000355514473883018,0.0007465803951543377,8.88786184707545e-06,0.00046216881604792335,8.88786184707545e-06,0.00025774799356518803,8.88786184707545e-06,8.88786184707545e-06,8.88786184707545e-06,1.77757236941509e-05,0.0006665896385306587,1.77757236941509e-05,0.0005688231582128288,8.88786184707545e-06,0.00016886937509443353,8.88786184707545e-06,2.6663585541226347e-05,8.88786184707545e-06
CCA,3.55514473883018e-05,0.000711028947766036,0.00040884164496547064,8.88786184707545e-06,0.0001599815132473581,0.0005777110200599042,0.0003199630264947162,0.00042661736865962156,8.88786184707545e-06,0.00040884164496547064,8.88786184707545e-06,0.00015109365140028263,0.0004532809542008479,0.0010043283887195258,0.0003466266120359425,0.0005066081252833006,0.0008265711517780168,0.000177757236941509,0.00025774799356518803,8.88786184707545e-06,0.0003466266120359425,0.00044439309235377243,0.00011554220401198084,0.0001422057895532072,8.88786184707545e-06,8.88786184707545e-05,8.88786184707545e-06,8.88786184707545e-06,8.88786184707545e-06,8.88786184707545e-06,0.00046216881604792335,8.88786184707545e-06,0.0003466266120359425,0.00040884164496547064,0.0002755237172593389,0.0005954867437540551,0.00016886937509443353,8.88786184707545e-06,0.0005332717108245269,0.001404282171837921,2.6663585541226347e-05,8.88786184707545e-06,0.0003288508883417916,8.88786184707545e-06,0.0005154959871303761,0.0001422057895532072,0.0010398798361078276,0.0001422057895532072,0.00038217805942424433,0.00046216881604792335,0.0004977202634362252,0.0001599815132473581,0.0007554682570014131,0.0003288508883417916,0.00037329019757716884,8.88786184707545e-06,0.00021330868432981078,0.000177757236941509,0.0005421595726716024,0.0003999537831183952,0.00030218730280056526,0.00039106592127131977
GAT,2.6663585541226347e-05,0.00033773875018886705,0.0004532809542008479,8.88786184707545e-06,0.0005599352963657532,0.0001422057895532072,0.0009865526650253747,8.88786184707545e-06,8.88786184707545e-06,0.00040884164496547064,0.0007199168096131114,0.0006043746056011305,8.88786184707545e-06,0.0005688231582128288,0.0006665896385306587,0.0008532347373192431,0.0005066081252833006,8.88786184707545e-06,0.0006488139148365078,0.0005066081252833006,8.88786184707545e-06,8.88786184707545e-06,0.0005066081252833006,7.999075662367905e-05,0.00019553296063565988,0.0003466266120359425,8.88786184707545e-06,8.88786184707545e-06,8.88786184707545e-06,8.88786184707545e-06,0.0004977202634362252,8.88786184707545e-06,8.88786184707545e-06,0.0010309919742607521,0.0010309919742607521,0.000693253224071885,0.0009421133557899976,0.00022219654617688621,8.88786184707545e-06,8.88786184707545e-05,8.88786184707545e-06,0.0005954867437540551,0.0009154497702487713,8.88786184707545e-06,0.0010309919742607521,0.0003199630264947162,0.00038217805942424433,0.0005332717108245269,0.0002932994409534898,0.0006043746056011305,0.0003466266120359425,0.0003466266120359425,0.00016886937509443353,8.88786184707545e-06,8.88786184707545e-05,8.88786184707545e-06,0.00037329019757716884,0.0004799445397420743,0.0006577017766835832,0.0009243376320958467,0.0003466266120359425,3.55514473883018e-05
TCT,1.77757236941509e-05,0.0006221503292952814,0.00013331792770613173,8.88786184707545e-06,3.55514473883018e-05,3.55514473883018e-05,0.00039106592127131977,8.88786184707545e-06,8.88786184707545e-06,8.88786184707545e-06,1.77757236941509e-05,8.88786184707545e-06,8.88786184707545e-06,0.0011376463164256576,0.000177757236941509,0.00016886937509443353,0.0006043746056011305,8.88786184707545e-06,1.77757236941509e-05,7.11028947766036e-05,8.88786184707545e-06,8.88786184707545e-06,1.77757236941509e-05,1.77757236941509e-05,8.88786184707545e-06,8.88786184707545e-06,8.88786184707545e-06,8.88786184707545e-06,8.88786184707545e-06,8.88786184707545e-06,8.88786184707545e-06,8.88786184707545e-06,0.00021330868432981078,8.88786184707545e-06,8.88786184707545e-06,0.0007021410859189605,0.0005510474345186778,1.77757236941509e-05,2.6663585541226347e-05,2.6663585541226347e-05,8.88786184707545e-06,8.88786184707545e-06,0.0006577017766835832,8.88786184707545e-06,0.00040884164496547064,0.0007288046714601868,8.88786184707545e-06,0.0003288508883417916,8.88786184707545e-06,0.00010665434216490539,0.00010665434216490539,8.88786184707545e-06,2.6663585541226347e-05,8.88786184707545e-06,0.000613262467448206,8.88786184707545e-06,0.0012887399678259402,6.221503292952815e-05,0.00023997226987103714,8.88786184707545e-06,3.55514473883018e-05,8.88786184707545e-06
ACC,3.55514473883018e-05,0.0001244300658590563,0.000355514473883018,8.88786184707545e-06,8.88786184707545e-06,8.88786184707545e-06,0.00038217805942424433,8.88786184707545e-06,8.88786184707545e-06,8.88786184707545e-06,2.6663585541226347e-05,8.88786184707545e-06,8.88786184707545e-06,3.55514473883018e-05,8.88786184707545e-06,0.0002932994409534898,3.55514473883018e-05,8.88786184707545e-06,1.77757236941509e-05,0.0001422057895532072,8.88786184707545e-06,8.88786184707545e-06,8.88786184707545e-06,1.77757236941509e-05,7.999075662367905e-05,8.88786184707545e-05,8.88786184707545e-06,8.88786184707545e-06,8.88786184707545e-06,8.88786184707545e-06,2.6663585541226347e-05,9.776648031782994e-05,8.88786184707545e-06,8.88786184707545e-06,8.88786184707545e-06,0.00020442082248273532,0.00023108440802396168,1.77757236941509e-05,2.6663585541226347e-05,8.88786184707545e-06,8.88786184707545e-06,0.0002488601317181126,0.0008532347373192431,0.0002844115791064144,8.88786184707545e-06,0.0005332717108245269,1.77757236941509e-05,8.88786184707545e-06,8.88786184707545e-06,0.0005954867437540551,8.88786184707545e-06,8.88786184707545e-06,8.88786184707545e-06,8.88786184707545e-06,0.0001599815132473581,3.55514473883018e-05,8.88786184707545e-06,8.88786184707545e-06,2.6663585541226347e-05,8.88786184707545e-06,0.0007732439806955641,8.88786184707545e-06
GGC,1.77757236941509e-05,0.0010932070071902802,0.0002755237172593389,8.88786184707545e-06,0.0004799445397420743,0.0001422057895532072,0.00038217805942424433,8.88786184707545e-06,8.88786184707545e-06,0.00011554220401198084,0.0001422057895532072,0.00010665434216490539,8.88786184707545e-06,0.00022219654617688621,8.88786184707545e-06,0.0012620763822847139,0.0008443468754721677,8.88786184707545e-06,0.00023108440802396168,0.000613262467448206,1.77757236941509e-05,8.88786184707545e-06,8.88786184707545e-06,8.88786184707545e-06,0.0001422057895532072,8.88786184707545e-06,8.88786184707545e-06,1.77757236941509e-05,8.88786184707545e-06,1.77757236941509e-05,0.0012887399678259402,8.88786184707545e-06,8.88786184707545e-06,7.11028947766036e-05,0.0008265711517780168,0.0004177295068125461,0.0006221503292952814,0.00011554220401198084,0.00026663585541226347,8.88786184707545e-06,8.88786184707545e-06,0.000613262467448206,0.0002755237172593389,8.88786184707545e-06,0.00015109365140028263,0.000968776941331224,8.88786184707545e-06,1.77757236941509e-05,0.0002932994409534898,0.0006577017766835832,0.00039106592127131977,9.776648031782994e-05,0.0007021410859189605,8.88786184707545e-06,0.001146534178272733,0.00011554220401198084,0.0016087029943206562,0.0007465803951543377,0.0003999537831183952,0.0008443468754721677,3.55514473883018e-05,0.00026663585541226347
GGA,1.77757236941509e-05,0.0007732439806955641,0.0005865988819069797,8.88786184707545e-06,0.0007376925333072623,1.77757236941509e-05,0.0001599815132473581,8.88786184707545e-06,1.77757236941509e-05,1.77757236941509e-05,8.88786184707545e-06,4.443930923537725e-05,8.88786184707545e-06,0.00010665434216490539,2.6663585541226347e-05,0.0002932994409534898,0.0005066081252833006,8.88786184707545e-06,0.0008354590136250923,0.000711028947766036,1.77757236941509e-05,8.88786184707545e-06,8.88786184707545e-06,8.88786184707545e-06,9.776648031782994e-05,8.88786184707545e-06,8.88786184707545e-06,1.77757236941509e-05,8.88786184707545e-06,8.88786184707545e-06,0.0002932994409534898,8.88786184707545e-06,8.88786184707545e-06,0.0001599815132473581,0.000435505230506697,0.001048767697954903,0.000177757236941509,4.443930923537725e-05,1.77757236941509e-05,0.00018664509878858442,8.88786184707545e-06,0.0002844115791064144,2.6663585541226347e-05,8.88786184707545e-06,0.0010221041124136767,0.00019553296063565988,8.88786184707545e-06,8.88786184707545e-06,2.6663585541226347e-05,0.0005154959871303761,0.0003466266120359425,0.00010665434216490539,0.0009954405268724504,1.77757236941509e-05,0.0008798983228604694,0.00016886937509443353,0.0002844115791064144,0.0010043283887195258,0.0006843653622248095,0.0009065619084016958,1.77757236941509e-05,0.00022219654617688621
TGC,1.77757236941509e-05,7.11028947766036e-05,0.0014131700336849965,8.88786184707545e-06,0.00013331792770613173,8.88786184707545e-06,0.00033773875018886705,8.88786184707545e-06,8.88786184707545e-06,8.88786184707545e-06,8.88786184707545e-06,8.88786184707545e-06,8.88786184707545e-06,0.0009421133557899976,0.00011554220401198084,0.00039106592127131977,3.55514473883018e-05,8.88786184707545e-06,8.88786184707545e-06,0.0002755237172593389,0.00020442082248273532,8.88786184707545e-06,2.6663585541226347e-05,8.88786184707545e-06,8.88786184707545e-06,8.88786184707545e-06,8.88786184707545e-06,8.88786184707545e-06,8.88786184707545e-06,8.88786184707545e-06,8.88786184707545e-06,2.6663585541226347e-05,8.88786184707545e-06,8.88786184707545e-06,8.88786184707545e-06,3.55514473883018e-05,0.0003644023357300934,8.88786184707545e-06,0.000613262467448206,3.55514473883018e-05,8.88786184707545e-06,7.11028947766036e-05,8.88786184707545e-06,1.77757236941509e-05,0.0017775723694150897,1.77757236941509e-05,8.88786184707545e-06,0.0008176832899309413,2.6663585541226347e-05,8.88786184707545e-06,8.88786184707545e-06,8.88786184707545e-06,7.11028947766036e-05,8.88786184707545e-06,0.00030218730280056526,8.88786184707545e-06,0.000355514473883018,1.77757236941509e-05,1.77757236941509e-05,8.88786184707545e-06,0.0004977202634362252,0.00015109365140028263
CAC,8.88786184707545e-06,8.88786184707545e-06,0.0004532809542008479,4.443930923537725e-05,8.88786184707545e-06,8.88786184707545e-06,0.0008176832899309413,8.88786184707545e-06,8.88786184707545e-06,6.221503292952815e-05,6.221503292952815e-05,8.88786184707545e-06,3.55514473883018e-05,2.6663585541226347e-05,0.0009332254939429221,0.00018664509878858442,0.0001422057895532072,8.88786184707545e-06,0.0009243376320958467,0.0001422057895532072,8.88786184707545e-06,8.88786184707545e-06,0.0012887399678259402,0.000613262467448206,8.88786184707545e-06,8.88786184707545e-06,8.88786184707545e-06,8.88786184707545e-06,8.88786184707545e-06,8.88786184707545e-06,0.00011554220401198084,8.88786184707545e-06,8.88786184707545e-06,8.88786184707545e-06,6.221503292952815e-05,0.000791019704389715,2.6663585541226347e-05,0.0011020948690373556,0.00039106592127131977,8.88786184707545e-06,8.88786184707545e-06,0.0008798983228604694,0.0009598890794841485,8.88786184707545e-06,0.0007465803951543377,0.00019553296063565988,0.00019553296063565988,0.0004977202634362252,3.55514473883018e-05,0.00020442082248273532,8.88786184707545e-06,8.88786184707545e-06,1.77757236941509e-05,8.88786184707545e-06,0.000355514473883018,1.77757236941509e-05,0.0003110751646476407,0.00030218730280056526,1.77757236941509e-05,0.0007643561188484887,0.00011554220401198084,8.88786184707545e-06
ATA,8.88786184707545e-06,0.0005688231582128288,0.0010043283887195258,1.77757236941509e-05,0.0008798983228604694,8.88786184707545e-06,5.3327171082452695e-05,8.88786184707545e-06,8.88786184707545e-06,7.999075662367905e-05,8.88786184707545e-06,8.88786184707545e-06,1.77757236941509e-05,0.00020442082248273532,1.77757236941509e-05,0.00025774799356518803,8.88786184707545e-06,1.77757236941509e-05,8.88786184707545e-06,8.88786184707545e-06,8.88786184707545e-06,8.88786184707545e-06,8.88786184707545e-06,0.0003466266120359425,7.11028947766036e-05,8.88786184707545e-06,8.88786184707545e-06,8.88786184707545e-06,8.88786184707545e-06,8.88786184707545e-06,8.88786184707545e-06,8.88786184707545e-06,8.88786184707545e-06,8.88786184707545e-06,5.3327171082452695e-05,8.88786184707545e-06,8.88786184707545e-06,8.88786184707545e-06,0.0004799445397420743,8.88786184707545e-06,8.88786184707545e-06,0.0002488601317181126,0.0011020948690373556,8.88786184707545e-06,0.00013331792770613173,0.0005154959871303761,8.88786184707545e-06,0.0002932994409534898,8.88786184707545e-06,8.88786184707545e-06,8.88786184707545e-06,8.88786184707545e-06,8.88786184707545e-06,0.0003999537831183952,1.77757236941509e-05,0.000177757236941509,1.77757236941509e-05,8.88786184707545e-06,8.88786184707545e-06,3.55514473883018e-05,0.0007821318425426395,0.0005066081252833006
GCC,8.88786184707545e-06,0.0005154959871303761,0.0011820856256610347,8.88786184707545e-06,0.00016886937509443353,8.88786184707545e-06,0.00015109365140028263,8.88786184707545e-06,8.88786184707545e-06,8.88786184707545e-06,8.88786184707545e-06,8.88786184707545e-06,8.88786184707545e-06,0.00026663585541226347,8.88786184707545e-06,0.0005066081252833006,0.00019553296063565988,0.00022219654617688621,8.88786184707545e-06,0.00011554220401198084,8.88786184707545e-06,8.88786184707545e-06,8.88786184707545e-06,8.88786184707545e-06,8.88786184707545e-06,8.88786184707545e-05,8.88786184707545e-06,8.88786184707545e-06,8.88786184707545e-06,8.88786184707545e-06,8.88786184707545e-06,8.88786184707545e-06,2.6663585541226347e-05,1.77757236941509e-05,1.77757236941509e-05,0.0003110751646476407,0.00038217805942424433,8.88786184707545e-06,8.88786184707545e-06,8.88786184707545e-06,8.88786184707545e-06,0.00010665434216490539,0.00033773875018886705,8.88786184707545e-06,0.00019553296063565988,0.0008798983228604694,8.88786184707545e-06,0.00040884164496547064,8.88786184707545e-06,1.77757236941509e-05,2.6663585541226347e-05,8.88786184707545e-06,1.77757236941509e-05,8.88786184707545e-06,0.0002755237172593389,9.776648031782994e-05,0.000693253224071885,8.88786184707545e-06,2.6663585541226347e-05,8.88786184707545e-06,8.88786184707545e-06,4.443930923537725e-05
TCC,8.88786184707545e-06,0.0005066081252833006,1.77757236941509e-05,8.88786184707545e-06,7.11028947766036e-05,1.77757236941509e-05,8.88786184707545e-06,8.88786184707545e-06,8.88786184707545e-06,8.88786184707545e-06,2.6663585541226347e-05,8.88786184707545e-06,8.88786184707545e-06,0.00046216881604792335,8.88786184707545e-06,0.0007199168096131114,1.77757236941509e-05,1.77757236941509e-05,8.88786184707545e-06,0.0011376463164256576,0.0003288508883417916,8.88786184707545e-06,1.77757236941509e-05,8.88786184707545e-06,7.11028947766036e-05,8.88786184707545e-06,8.88786184707545e-06,8.88786184707545e-06,8.88786184707545e-06,8.88786184707545e-06,0.0002488601317181126,8.88786184707545e-06,8.88786184707545e-06,2.6663585541226347e-05,4.443930923537725e-05,1.77757236941509e-05,0.0010398798361078276,8.88786184707545e-06,8.88786184707545e-06,8.88786184707545e-06,1.77757236941509e-05,8.88786184707545e-06,0.0005332717108245269,8.88786184707545e-06,0.00023108440802396168,0.0009421133557899976,8.88786184707545e-06,0.00023997226987103714,1.77757236941509e-05,8.88786184707545e-06,8.88786184707545e-06,8.88786184707545e-06,0.00019553296063565988,8.88786184707545e-06,0.00015109365140028263,4.443930923537725e-05,0.0008532347373192431,0.00023108440802396168,1.77757236941509e-05,2.6663585541226347e-05,5.3327171082452695e-05,1.77757236941509e-05
AAT,8.88786184707545e-06,0.00044439309235377243,3.55514473883018e-05,8.88786184707545e-06,8.88786184707545e-06,8.88786184707545e-06,0.0005066081252833006,8.88786184707545e-06,8.88786184707545e-06,8.88786184707545e-06,8.88786184707545e-06,7.999075662367905e-05,8.88786184707545e-06,0.0005421595726716024,3.55514473883018e-05,0.0008798983228604694,0.0004177295068125461,8.88786184707545e-06,0.0004888324015891497,0.0003199630264947162,5.3327171082452695e-05,8.88786184707545e-06,0.000791019704389715,1.77757236941509e-05,0.000435505230506697,8.88786184707545e-06,8.88786184707545e-06,8.88786184707545e-06,1.77757236941509e-05,8.88786184707545e-06,0.00016886937509443353,8.88786184707545e-06,8.88786184707545e-06,8.88786184707545e-06,0.0002488601317181126,0.00046216881604792335,0.0004710566778949988,8.88786184707545e-06,5.3327171082452695e-05,8.88786184707545e-06,8.88786184707545e-06,0.0003466266120359425,0.0006843653622248095,8.88786184707545e-06,0.000613262467448206,4.443930923537725e-05,0.00019553296063565988,0.0008976740465546204,0.0006754775003777341,0.00020442082248273532,7.999075662367905e-05,8.88786184707545e-06,1.77757236941509e-05,8.88786184707545e-06,0.000355514473883018,8.88786184707545e-06,0.00033773875018886705,8.88786184707545e-06,0.000435505230506697,0.0005510474345186778,4.443930923537725e-05,3.55514473883018e-05
GAC,8.88786184707545e-06,0.00044439309235377243,0.0007376925333072623,8.88786184707545e-06,0.0004532809542008479,8.88786184707545e-06,0.0009243376320958467,8.88786184707545e-06,8.88786184707545e-06,0.00018664509878858442,9.776648031782994e-05,8.88786184707545e-06,8.88786184707545e-06,0.0004177295068125461,0.0007376925333072623,0.0008532347373192431,0.0003288508883417916,8.88786184707545e-06,8.88786184707545e-06,0.00020442082248273532,8.88786184707545e-06,8.88786184707545e-06,0.0004710566778949988,1.77757236941509e-05,0.00023997226987103714,0.0005332717108245269,8.88786184707545e-06,8.88786184707545e-06,8.88786184707545e-06,8.88786184707545e-06,0.0006043746056011305,8.88786184707545e-06,8.88786184707545e-06,0.00016886937509443353,0.00030218730280056526,0.000355514473883018,0.0003288508883417916,0.0007376925333072623,8.88786184707545e-06,5.3327171082452695e-05,8.88786184707545e-06,0.0003199630264947162,0.0010576555598019784,8.88786184707545e-06,0.0002755237172593389,0.00022219654617688621,0.000968776941331224,0.000693253224071885,0.0007021410859189605,0.0003466266120359425,0.0003466266120359425,0.00011554220401198084,0.0003999537831183952,8.88786184707545e-06,7.999075662367905e-05,8.88786184707545e-06,0.0002488601317181126,0.0007643561188484887,0.000791019704389715,0.00039106592127131977,0.0001422057895532072,3.55514473883018e-05
TTA,8.88786184707545e-06,0.00038217805942424433,0.000613262467448206,8.88786184707545e-06,0.00022219654617688621,1.77757236941509e-05,0.0006754775003777341,8.88786184707545e-06,8.88786184707545e-06,0.00021330868432981078,8.88786184707545e-06,0.00011554220401198084,8.88786184707545e-06,0.0011198705927315065,0.00044439309235377243,0.0003466266120359425,8.88786184707545e-06,0.00022219654617688621,1.77757236941509e-05,8.88786184707545e-06,0.0005510474345186778,6.221503292952815e-05,5.3327171082452695e-05,9.776648031782994e-05,1.77757236941509e-05,8.88786184707545e-06,1.77757236941509e-05,8.88786184707545e-06,8.88786184707545e-06,8.88786184707545e-06,8.88786184707545e-06,8.88786184707545e-06,8.88786184707545e-06,8.88786184707545e-06,0.00038217805942424433,1.77757236941509e-05,0.00021330868432981078,8.88786184707545e-06,0.0005332717108245269,8.88786184707545e-06,8.88786184707545e-06,8.88786184707545e-06,0.0004799445397420743,7.999075662367905e-05,8.88786184707545e-06,0.0004977202634362252,8.88786184707545e-06,0.00039106592127131977,7.11028947766036e-05,8.88786184707545e-06,8.88786184707545e-06,8.88786184707545e-06,8.88786184707545e-06,8.88786184707545e-06,3.55514473883018e-05,8.88786184707545e-06,0.0001599815132473581,8.88786184707545e-06,1.77757236941509e-05,8.88786184707545e-06,8.88786184707545e-06,0.0009332254939429221
GCA,8.88786184707545e-06,0.0002755237172593389,0.0005954867437540551,2.6663585541226347e-05,3.55514473883018e-05,0.0001422057895532072,0.00025774799356518803,8.88786184707545e-06,8.88786184707545e-06,8.88786184707545e-06,8.88786184707545e-06,8.88786184707545e-06,1.77757236941509e-05,0.0004532809542008479,8.88786184707545e-06,0.0010398798361078276,7.999075662367905e-05,8.88786184707545e-06,8.88786184707545e-06,7.999075662367905e-05,1.77757236941509e-05,8.88786184707545e-06,8.88786184707545e-06,8.88786184707545e-06,8.88786184707545e-06,8.88786184707545e-06,1.77757236941509e-05,8.88786184707545e-06,8.88786184707545e-06,8.88786184707545e-06,8.88786184707545e-06,8.88786184707545e-06,8.88786184707545e-06,8.88786184707545e-06,2.6663585541226347e-05,0.00040884164496547064,0.00013331792770613173,8.88786184707545e-06,7.999075662367905e-05,8.88786184707545e-06,8.88786184707545e-06,8.88786184707545e-06,0.00018664509878858442,8.88786184707545e-06,0.00037329019757716884,0.00040884164496547064,8.88786184707545e-06,1.77757236941509e-05,8.88786184707545e-06,8.88786184707545e-06,8.88786184707545e-06,2.6663585541226347e-05,8.88786184707545e-06,8.88786184707545e-06,0.0003999537831183952,8.88786184707545e-06,0.0010665434216490539,3.55514473883018e-05,8.88786184707545e-06,8.88786184707545e-05,8.88786184707545e-06,0.00026663585541226347
CTA,8.88786184707545e-06,0.0002844115791064144,8.88786184707545e-05,8.88786184707545e-06,1.77757236941509e-05,1.77757236941509e-05,0.00021330868432981078,8.88786184707545e-06,1.77757236941509e-05,1.77757236941509e-05,8.88786184707545e-06,8.88786184707545e-06,8.88786184707545e-06,0.0013509550007554682,0.000613262467448206,0.0007465803951543377,8.88786184707545e-06,8.88786184707545e-06,8.88786184707545e-06,8.88786184707545e-06,0.00016886937509443353,6.221503292952815e-05,2.6663585541226347e-05,0.0003644023357300934,8.88786184707545e-06,8.88786184707545e-06,1.77757236941509e-05,8.88786184707545e-06,8.88786184707545e-06,8.88786184707545e-06,8.88786184707545e-06,8.88786184707545e-06,0.00010665434216490539,2.6663585541226347e-05,0.0005332717108245269,8.88786184707545e-06,0.0003999537831183952,8.88786184707545e-06,0.00022219654617688621,8.88786184707545e-06,8.88786184707545e-06,1.77757236941509e-05,0.00038217805942424433,8.88786184707545e-06,6.221503292952815e-05,0.0005066081252833006,8.88786184707545e-06,0.00016886937509443353,1.77757236941509e-05,8.88786184707545e-06,8.88786184707545e-06,8.88786184707545e-06,8.88786184707545e-06,8.88786184707545e-06,3.55514473883018e-05,7.999075662367905e-05,0.00042661736865962156,1.77757236941509e-05,0.0001422057895532072,8.88786184707545e-06,9.776648031782994e-05,0.0006577017766835832
GCT,8.88786184707545e-06,0.0002932994409534898,0.0004799445397420743,8.88786184707545e-06,0.00013331792770613173,8.88786184707545e-06,0.00013331792770613173,8.88786184707545e-06,8.88786184707545e-06,2.6663585541226347e-05,2.6663585541226347e-05,8.88786184707545e-06,1.77757236941509e-05,6.221503292952815e-05,8.88786184707545e-06,0.00046216881604792335,0.00015109365140028263,8.88786184707545e-06,8.88786184707545e-06,8.88786184707545e-06,8.88786184707545e-06,8.88786184707545e-06,8.88786184707545e-06,8.88786184707545e-06,8.88786184707545e-06,8.88786184707545e-06,8.88786184707545e-06,8.88786184707545e-06,8.88786184707545e-06,8.88786184707545e-06,8.88786184707545e-06,8.88786184707545e-06,8.88786184707545e-06,8.88786184707545e-06,8.88786184707545e-06,0.0003288508883417916,0.000951001217637073,8.88786184707545e-06,0.0001422057895532072,8.88786184707545e-06,8.88786184707545e-06,8.88786184707545e-06,0.0006221503292952814,8.88786184707545e-06,0.0008265711517780168,0.0006843653622248095,8.88786184707545e-06,0.0006221503292952814,8.88786184707545e-06,8.88786184707545e-06,8.88786184707545e-06,8.88786184707545e-06,0.00011554220401198084,8.88786184707545e-06,0.0008265711517780168,8.88786184707545e-06,0.0011287584545785821,1.77757236941509e-05,8.88786184707545e-06,2.6663585541226347e-05,7.999075662367905e-05,0.00025774799356518803
CAA,8.88786184707545e-06,0.00023997226987103714,0.0007554682570014131,8.88786184707545e-06,1.77757236941509e-05,8.88786184707545e-06,8.88786184707545e-06,8.88786184707545e-06,8.88786184707545e-06,3.55514473883018e-05,0.000177757236941509,8.88786184707545e-06,8.88786184707545e-06,0.00037329019757716884,0.000871010461013394,0.00011554220401198084,3.55514473883018e-05,8.88786184707545e-06,0.000791019704389715,0.0005510474345186778,8.88786184707545e-06,8.88786184707545e-06,0.0003466266120359425,8.88786184707545e-06,8.88786184707545e-06,8.88786184707545e-06,1.77757236941509e-05,8.88786184707545e-06,8.88786184707545e-06,8.88786184707545e-06,2.6663585541226347e-05,8.88786184707545e-06,8.88786184707545e-06,0.0002844115791064144,0.0006665896385306587,0.00018664509878858442,0.00011554220401198084,0.00019553296063565988,0.0004532809542008479,8.88786184707545e-06,0.0003110751646476407,0.00038217805942424433,0.0007554682570014131,8.88786184707545e-06,0.0003288508883417916,0.00015109365140028263,0.00026663585541226347,8.88786184707545e-06,0.00020442082248273532,0.00011554220401198084,8.88786184707545e-06,8.88786184707545e-06,2.6663585541226347e-05,8.88786184707545e-06,0.0001599815132473581,8.88786184707545e-06,0.0003110751646476407,0.0003288508883417916,0.00022219654617688621,0.00019553296063565988,0.000435505230506697,0.0001244300658590563
AAC,8.88786184707545e-06,2.6663585541226347e-05,8.88786184707545e-06,8.88786184707545e-06,8.88786184707545e-06,8.88786184707545e-06,0.00038217805942424433,8.88786184707545e-06,8.88786184707545e-06,8.88786184707545e-06,8.88786184707545e-06,1.77757236941509e-05,8.88786184707545e-05,0.000435505230506697,7.11028947766036e-05,4.443930923537725e-05,0.0003466266120359425,8.88786184707545e-06,0.000435505230506697,0.00023997226987103714,8.88786184707545e-06,8.88786184707545e-06,0.0003110751646476407,8.88786184707545e-06,8.88786184707545e-06,8.88786184707545e-06,8.88786184707545e-06,8.88786184707545e-06,8.88786184707545e-06,8.88786184707545e-06,0.0007821318425426395,1.77757236941509e-05,4.443930923537725e-05,0.0003110751646476407,0.0001244300658590563,0.0004977202634362252,0.0002932994409534898,8.88786184707545e-06,0.00042661736865962156,9.776648031782994e-05,8.88786184707545e-06,8.88786184707545e-06,0.0010843191453432047,8.88786184707545e-06,0.0001599815132473581,0.0002932994409534898,0.000177757236941509,8.88786184707545e-06,8.88786184707545e-06,0.000435505230506697,4.443930923537725e-05,8.88786184707545e-06,8.88786184707545e-06,8.88786184707545e-06,0.00020442082248273532,3.55514473883018e-05,0.00023997226987103714,9.776648031782994e-05,0.0006843653622248095,7.999075662367905e-05,0.00020442082248273532,9.776648031782994e-05
CAT,8.88786184707545e-06,1.77757236941509e-05,0.0005332717108245269,8.88786184707545e-06,8.88786184707545e-06,8.88786184707545e-06,0.0004799445397420743,8.88786184707545e-06,8.88786184707545e-06,0.00016886937509443353,0.0001599815132473581,8.88786184707545e-06,8.88786184707545e-06,8.88786184707545e-06,2.6663585541226347e-05,0.0007643561188484887,0.0009598890794841485,8.88786184707545e-06,0.000435505230506697,9.776648031782994e-05,8.88786184707545e-06,8.88786184707545e-06,0.0002755237172593389,2.6663585541226347e-05,0.0001599815132473581,2.6663585541226347e-05,8.88786184707545e-06,8.88786184707545e-06,8.88786184707545e-06,8.88786184707545e-06,7.999075662367905e-05,8.88786184707545e-06,8.88786184707545e-06,0.00016886937509443353,0.0004888324015891497,0.000693253224071885,8.88786184707545e-06,0.0004710566778949988,0.0005777110200599042,1.77757236941509e-05,8.88786184707545e-06,0.000613262467448206,0.0011376463164256576,8.88786184707545e-06,0.0006577017766835832,0.0008976740465546204,0.0009243376320958467,0.00019553296063565988,0.0001422057895532072,0.00018664509878858442,0.000177757236941509,8.88786184707545e-06,5.3327171082452695e-05,8.88786184707545e-06,0.0003110751646476407,1.77757236941509e-05,0.00038217805942424433,0.0001599815132473581,7.999075662367905e-05,0.0007554682570014131,0.0005510474345186778,0.0006043746056011305
AGC,8.88786184707545e-06,8.88786184707545e-06,8.88786184707545e-06,8.88786184707545e-06,0.00016886937509443353,8.88786184707545e-06,0.0002844115791064144,8.88786184707545e-06,8.88786184707545e-06,8.88786184707545e-06,8.88786184707545e-06,8.88786184707545e-06,8.88786184707545e-06,0.0002932994409534898,2.6663585541226347e-05,0.0005599352963657532,0.0016353665798618825,8.88786184707545e-06,8.88786184707545e-06,0.00021330868432981078,8.88786184707545e-06,8.88786184707545e-06,8.88786184707545e-06,8.88786184707545e-06,8.88786184707545e-06,3.55514473883018e-05,8.88786184707545e-06,8.88786184707545e-06,8.88786184707545e-06,8.88786184707545e-06,6.221503292952815e-05,8.88786184707545e-06,8.88786184707545e-06,8.88786184707545e-06,8.88786184707545e-06,0.0008621225991663186,0.0011287584545785821,1.77757236941509e-05,1.77757236941509e-05,8.88786184707545e-06,8.88786184707545e-06,1.77757236941509e-05,9.776648031782994e-05,8.88786184707545e-06,0.0003999537831183952,0.000177757236941509,8.88786184707545e-06,0.00013331792770613173,8.88786184707545e-06,0.0002844115791064144,8.88786184707545e-06,5.3327171082452695e-05,8.88786184707545e-06,8.88786184707545e-06,0.0005421595726716024,8.88786184707545e-06,0.00025774799356518803,8.88786184707545e-06,0.00046216881604792335,8.88786184707545e-06,1.77757236941509e-05,8.88786184707545e-06
