index,Mata,MatAlpha,well,quadrant,n_96well,n_384well
0,Empty,Empty,A1,A,1,1
1,12,23,A1,C,3,1
2,39,31,B1,A,1,1
3,42,43,B1,C,3,1
4,13,22,C1,A,1,1
5,4,39,C1,C,3,1
6,26,37,D1,A,1,1
7,29,46,D1,C,3,1
8,38,29,E1,A,1,1
9,13,43,E1,C,3,1
10,22,33,F1,A,1,1
11,22,26,F1,C,3,1
12,15,4,G1,A,1,1
13,16,43,G1,C,3,1
14,25,28,H1,A,1,1
15,9,37,H1,C,3,1
16,4,17,A1,B,2,1
17,30,19,A1,D,4,1
18,4,31,B1,B,2,1
19,23,25,B1,D,4,1
20,14,3,C1,B,2,1
21,29,48,C1,D,4,1
22,8,43,D1,B,2,1
23,35,2,D1,D,4,1
24,36,11,E1,B,2,1
25,34,1,E1,D,4,1
26,11,12,F1,B,2,1
27,33,38,F1,D,4,1
28,9,10,G1,B,2,1
29,10,36,G1,D,4,1
30,39,15,H1,B,2,1
31,10,18,H1,D,4,1
32,14,29,A2,A,1,1
33,5,4,A2,C,3,1
34,36,35,B2,A,1,1
35,3,16,B2,C,3,1
36,15,31,C2,A,1,1
37,12,6,C2,C,3,1
38,13,40,D2,A,1,1
39,15,36,D2,C,3,1
40,34,19,E2,A,1,1
41,42,23,E2,C,3,1
42,2,32,F2,A,1,1
43,3,37,F2,C,3,1
44,16,27,G2,A,1,1
45,33,45,G2,C,3,1
46,30,11,H2,A,1,1
47,40,29,H2,C,3,1
48,Empty,Empty,A2,B,2,1
49,1,30,A2,D,4,1
50,35,9,B2,B,2,1
51,9,33,B2,D,4,1
52,39,1,C2,B,2,1
53,9,39,C2,D,4,1
54,6,3,D2,B,2,1
55,2,21,D2,D,4,1
56,13,2,E2,B,2,1
57,5,14,E2,D,4,1
58,31,23,F2,B,2,1
59,32,46,F2,D,4,1
60,38,1,G2,B,2,1
61,6,43,G2,D,4,1
62,29,44,H2,B,2,1
63,21,32,H2,D,4,1
64,22,9,A3,A,1,1
65,Empty,Empty,A3,C,3,1
66,42,35,B3,A,1,1
67,39,43,B3,C,3,1
68,43,21,C3,A,1,1
69,8,2,C3,C,3,1
70,12,20,D3,A,1,1
71,7,27,D3,C,3,1
72,30,38,E3,A,1,1
73,20,29,E3,C,3,1
74,36,47,F3,A,1,1
75,43,34,F3,C,3,1
76,21,40,G3,A,1,1
77,30,37,G3,C,3,1
78,23,7,H3,A,1,1
79,33,32,H3,C,3,1
80,26,26,A3,B,2,1
81,1,14,A3,D,4,1
82,8,34,B3,B,2,1
83,7,18,B3,D,4,1
84,43,47,C3,B,2,1
85,14,5,C3,D,4,1
86,24,11,D3,B,2,1
87,22,47,D3,D,4,1
88,2,28,E3,B,2,1
89,5,13,E3,D,4,1
90,24,10,F3,B,2,1
91,5,42,F3,D,4,1
92,2,40,G3,B,2,1
93,24,45,G3,D,4,1
94,29,3,H3,B,2,1
95,27,23,H3,D,4,1
96,4,36,A4,A,1,1
97,17,13,A4,C,3,1
98,26,11,B4,A,1,1
99,16,22,B4,C,3,1
100,26,46,C4,A,1,1
101,35,35,C4,C,3,1
102,35,34,D4,A,1,1
103,6,4,D4,C,3,1
104,14,41,E4,A,1,1
105,11,43,E4,C,3,1
106,21,2,F4,A,1,1
107,10,19,F4,C,3,1
108,34,6,G4,A,1,1
109,25,43,G4,C,3,1
110,23,3,H4,A,1,1
111,38,41,H4,C,3,1
112,10,27,A4,B,2,1
113,Empty,Empty,A4,D,4,1
114,22,48,B4,B,2,1
115,21,10,B4,D,4,1
116,32,18,C4,B,2,1
117,40,22,C4,D,4,1
118,21,5,D4,B,2,1
119,27,43,D4,D,4,1
120,40,46,E4,B,2,1
121,42,2,E4,D,4,1
122,39,41,F4,B,2,1
123,30,5,F4,D,4,1
124,25,11,G4,B,2,1
125,11,33,G4,D,4,1
126,33,18,H4,B,2,1
127,24,6,H4,D,4,1
128,4,25,A5,A,1,1
129,4,43,A5,C,3,1
130,5,3,B5,A,1,1
131,15,1,B5,C,3,1
132,10,9,C5,A,1,1
133,29,10,C5,C,3,1
134,12,30,D5,A,1,1
135,22,5,D5,C,3,1
136,37,4,E5,A,1,1
137,8,8,E5,C,3,1
138,6,1,F5,A,1,1
139,17,46,F5,C,3,1
140,20,41,G5,A,1,1
141,11,45,G5,C,3,1
142,20,32,H5,A,1,1
143,24,47,H5,C,3,1
144,16,13,A5,B,2,1
145,34,29,A5,D,4,1
146,36,2,B5,B,2,1
147,2,48,B5,D,4,1
148,25,13,C5,B,2,1
149,12,18,C5,D,4,1
150,35,30,D5,B,2,1
151,31,42,D5,D,4,1
152,20,9,E5,B,2,1
153,25,14,E5,D,4,1
154,4,27,F5,B,2,1
155,11,16,F5,D,4,1
156,40,1,G5,B,2,1
157,23,5,G5,D,4,1
158,21,20,H5,B,2,1
159,9,41,H5,D,4,1
160,23,19,A6,A,1,1
161,19,34,A6,C,3,1
162,22,19,B6,A,1,1
163,12,37,B6,C,3,1
164,5,26,C6,A,1,1
165,37,34,C6,C,3,1
166,18,4,D6,A,1,1
167,43,37,D6,C,3,1
168,24,42,E6,A,1,1
169,17,31,E6,C,3,1
170,1,21,F6,A,1,1
171,16,32,F6,C,3,1
172,9,20,G6,A,1,1
173,15,9,G6,C,3,1
174,34,14,H6,A,1,1
175,23,35,H6,C,3,1
176,41,8,A6,B,2,1
177,32,5,A6,D,4,1
178,33,15,B6,B,2,1
179,2,31,B6,D,4,1
180,17,19,C6,B,2,1
181,22,24,C6,D,4,1
182,42,47,D6,B,2,1
183,26,10,D6,D,4,1
184,3,5,E6,B,2,1
185,3,35,E6,D,4,1
186,20,25,F6,B,2,1
187,10,23,F6,D,4,1
188,21,30,G6,B,2,1
189,11,47,G6,D,4,1
190,16,4,H6,B,2,1
191,38,40,H6,D,4,1
192,39,30,A7,A,1,1
193,30,4,A7,C,3,1
194,38,22,B7,A,1,1
195,5,37,B7,C,3,1
196,12,21,C7,A,1,1
197,11,7,C7,C,3,1
198,7,1,D7,A,1,1
199,34,5,D7,C,3,1
200,36,28,E7,A,1,1
201,20,44,E7,C,3,1
202,35,41,F7,A,1,1
203,34,21,F7,C,3,1
204,5,6,G7,A,1,1
205,37,36,G7,C,3,1
206,34,45,H7,A,1,1
207,3,9,H7,C,3,1
208,38,6,A7,B,2,1
209,5,29,A7,D,4,1
210,9,16,B7,B,2,1
211,40,28,B7,D,4,1
212,33,20,C7,B,2,1
213,10,44,C7,D,4,1
214,38,7,D7,B,2,1
215,19,7,D7,D,4,1
216,15,20,E7,B,2,1
217,37,35,E7,D,4,1
218,17,39,F7,B,2,1
219,32,19,F7,D,4,1
220,15,42,G7,B,2,1
221,20,26,G7,D,4,1
222,16,29,H7,B,2,1
223,13,4,H7,D,4,1
224,36,33,A8,A,1,1
225,7,26,A8,C,3,1
226,31,8,B8,A,1,1
227,30,44,B8,C,3,1
228,25,30,C8,A,1,1
229,3,44,C8,C,3,1
230,9,4,D8,A,1,1
231,9,18,D8,C,3,1
232,15,41,E8,A,1,1
233,3,48,E8,C,3,1
234,33,44,F8,A,1,1
235,2,29,F8,C,3,1
236,10,14,G8,A,1,1
237,27,29,G8,C,3,1
238,36,45,H8,A,1,1
239,42,1,H8,C,3,1
240,30,22,A8,B,2,1
241,25,46,A8,D,4,1
242,24,38,B8,B,2,1
243,33,24,B8,D,4,1
244,16,25,C8,B,2,1
245,24,27,C8,D,4,1
246,10,39,D8,B,2,1
247,26,12,D8,D,4,1
248,12,7,E8,B,2,1
249,4,9,E8,D,4,1
250,42,14,F8,B,2,1
251,28,32,F8,D,4,1
252,13,38,G8,B,2,1
253,43,4,G8,D,4,1
254,33,1,H8,B,2,1
255,11,48,H8,D,4,1
256,25,3,A9,A,1,1
257,36,48,A9,C,3,1
258,10,15,B9,A,1,1
259,22,21,B9,C,3,1
260,22,35,C9,A,1,1
261,11,4,C9,C,3,1
262,38,39,D9,A,1,1
263,25,26,D9,C,3,1
264,20,47,E9,A,1,1
265,7,43,E9,C,3,1
266,1,24,F9,A,1,1
267,19,12,F9,C,3,1
268,1,42,G9,A,1,1
269,41,15,G9,C,3,1
270,24,36,H9,A,1,1
271,43,23,H9,C,3,1
272,38,21,A9,B,2,1
273,13,8,A9,D,4,1
274,37,1,B9,B,2,1
275,40,45,B9,D,4,1
276,13,10,C9,B,2,1
277,13,13,C9,D,4,1
278,28,48,D9,B,2,1
279,7,29,D9,D,4,1
280,41,32,E9,B,2,1
281,11,42,E9,D,4,1
282,19,38,F9,B,2,1
283,5,28,F9,D,4,1
284,41,48,G9,B,2,1
285,30,29,G9,D,4,1
286,43,45,H9,B,2,1
287,10,1,H9,D,4,1
288,19,35,A10,A,1,1
289,26,22,A10,C,3,1
290,34,17,B10,A,1,1
291,1,23,B10,C,3,1
292,42,22,C10,A,1,1
293,33,28,C10,C,3,1
294,10,29,D10,A,1,1
295,33,3,D10,C,3,1
296,4,20,E10,A,1,1
297,39,23,E10,C,3,1
298,40,36,F10,A,1,1
299,6,30,F10,C,3,1
300,3,42,G10,A,1,1
301,8,13,G10,C,3,1
302,22,28,H10,A,1,1
303,41,13,H10,C,3,1
304,8,42,A10,B,2,1
305,30,33,A10,D,4,1
306,3,10,B10,B,2,1
307,6,20,B10,D,4,1
308,40,43,C10,B,2,1
309,34,39,C10,D,4,1
310,2,34,D10,B,2,1
311,1,19,D10,D,4,1
312,38,5,E10,B,2,1
313,15,7,E10,D,4,1
314,40,2,F10,B,2,1
315,13,16,F10,D,4,1
316,31,21,G10,B,2,1
317,14,37,G10,D,4,1
318,14,10,H10,B,2,1
319,22,34,H10,D,4,1
320,21,4,A11,A,1,1
321,22,12,A11,C,3,1
322,20,11,B11,A,1,1
323,20,5,B11,C,3,1
324,40,37,C11,A,1,1
325,17,24,C11,C,3,1
326,26,19,D11,A,1,1
327,42,48,D11,C,3,1
328,32,36,E11,A,1,1
329,12,25,E11,C,3,1
330,2,46,F11,A,1,1
331,3,38,F11,C,3,1
332,35,20,G11,A,1,1
333,35,13,G11,C,3,1
334,29,21,H11,A,1,1
335,8,21,H11,C,3,1
336,24,9,A11,B,2,1
337,23,16,A11,D,4,1
338,19,45,B11,B,2,1
339,36,26,B11,D,4,1
340,26,25,C11,B,2,1
341,23,42,C11,D,4,1
342,21,1,D11,B,2,1
343,17,14,D11,D,4,1
344,21,42,E11,B,2,1
345,11,38,E11,D,4,1
346,8,16,F11,B,2,1
347,41,47,F11,D,4,1
348,32,12,G11,B,2,1
349,2,15,G11,D,4,1
350,24,25,H11,B,2,1
351,15,28,H11,D,4,1
352,7,40,A12,A,1,1
353,28,3,A12,C,3,1
354,13,27,B12,A,1,1
355,7,2,B12,C,3,1
356,29,37,C12,A,1,1
357,36,40,C12,C,3,1
358,18,47,D12,A,1,1
359,3,33,D12,C,3,1
360,10,6,E12,A,1,1
361,3,25,E12,C,3,1
362,32,13,F12,A,1,1
363,12,46,F12,C,3,1
364,24,37,G12,A,1,1
365,30,39,G12,C,3,1
366,Empty,Empty,H12,A,1,1
367,Empty,Empty,H12,C,3,1
368,35,3,A12,B,2,1
369,37,42,A12,D,4,1
370,29,38,B12,B,2,1
371,25,12,B12,D,4,1
372,28,33,C12,B,2,1
373,30,23,C12,D,4,1
374,6,45,D12,B,2,1
375,17,33,D12,D,4,1
376,24,35,E12,B,2,1
377,36,12,E12,D,4,1
378,4,38,F12,B,2,1
379,22,11,F12,D,4,1
380,7,7,G12,B,2,1
381,23,34,G12,D,4,1
382,Empty,Empty,H12,B,2,1
383,Empty,Empty,H12,D,4,1
384,39,34,A1,A,5,2
385,16,44,A1,C,7,2
386,10,3,B1,A,5,2
387,26,9,B1,C,7,2
388,27,15,C1,A,5,2
389,12,44,C1,C,7,2
390,23,22,D1,A,5,2
391,5,34,D1,C,7,2
392,8,45,E1,A,5,2
393,7,13,E1,C,7,2
394,5,1,F1,A,5,2
395,27,13,F1,C,7,2
396,34,40,G1,A,5,2
397,41,25,G1,C,7,2
398,29,33,H1,A,5,2
399,26,41,H1,C,7,2
400,6,25,A1,B,6,2
401,37,47,A1,D,8,2
402,13,36,B1,B,6,2
403,11,5,B1,D,8,2
404,9,15,C1,B,6,2
405,32,26,C1,D,8,2
406,17,41,D1,B,6,2
407,23,39,D1,D,8,2
408,6,9,E1,B,6,2
409,21,41,E1,D,8,2
410,23,45,F1,B,6,2
411,29,32,F1,D,8,2
412,34,30,G1,B,6,2
413,40,14,G1,D,8,2
414,43,6,H1,B,6,2
415,34,47,H1,D,8,2
416,29,35,A2,A,5,2
417,14,42,A2,C,7,2
418,30,1,B2,A,5,2
419,26,28,B2,C,7,2
420,33,25,C2,A,5,2
421,17,8,C2,C,7,2
422,9,13,D2,A,5,2
423,2,27,D2,C,7,2
424,19,42,E2,A,5,2
425,20,12,E2,C,7,2
426,42,33,F2,A,5,2
427,39,10,F2,C,7,2
428,12,14,G2,A,5,2
429,2,45,G2,C,7,2
430,27,26,H2,A,5,2
431,40,6,H2,C,7,2
432,9,5,A2,B,6,2
433,32,14,A2,D,8,2
434,38,24,B2,B,6,2
435,43,2,B2,D,8,2
436,24,48,C2,B,6,2
437,22,43,C2,D,8,2
438,39,32,D2,B,6,2
439,25,23,D2,D,8,2
440,6,11,E2,B,6,2
441,21,38,E2,D,8,2
442,16,31,F2,B,6,2
443,19,31,F2,D,8,2
444,2,43,G2,B,6,2
445,31,24,G2,D,8,2
446,11,31,H2,B,6,2
447,2,4,H2,D,8,2
448,2,39,A3,A,5,2
449,18,12,A3,C,7,2
450,2,33,B3,A,5,2
451,34,16,B3,C,7,2
452,25,44,C3,A,5,2
453,40,12,C3,C,7,2
454,22,4,D3,A,5,2
455,16,34,D3,C,7,2
456,1,18,E3,A,5,2
457,21,34,E3,C,7,2
458,9,8,F3,A,5,2
459,16,40,F3,C,7,2
460,19,16,G3,A,5,2
461,24,44,G3,C,7,2
462,32,41,H3,A,5,2
463,27,17,H3,C,7,2
464,14,44,A3,B,6,2
465,1,26,A3,D,8,2
466,21,33,B3,B,6,2
467,14,46,B3,D,8,2
468,16,6,C3,B,6,2
469,18,39,C3,D,8,2
470,35,6,D3,B,6,2
471,11,1,D3,D,8,2
472,19,3,E3,B,6,2
473,8,7,E3,D,8,2
474,39,39,F3,B,6,2
475,24,3,F3,D,8,2
476,38,28,G3,B,6,2
477,1,8,G3,D,8,2
478,4,14,H3,B,6,2
479,37,9,H3,D,8,2
480,16,42,A4,A,5,2
481,18,27,A4,C,7,2
482,7,24,B4,A,5,2
483,26,18,B4,C,7,2
484,25,7,C4,A,5,2
485,28,26,C4,C,7,2
486,25,42,D4,A,5,2
487,32,9,D4,C,7,2
488,4,26,E4,A,5,2
489,4,28,E4,C,7,2
490,8,39,F4,A,5,2
491,28,1,F4,C,7,2
492,35,33,G4,A,5,2
493,8,14,G4,C,7,2
494,21,46,H4,A,5,2
495,2,5,H4,C,7,2
496,13,39,A4,B,6,2
497,5,33,A4,D,8,2
498,43,20,B4,B,6,2
499,9,7,B4,D,8,2
500,38,31,C4,B,6,2
501,31,3,C4,D,8,2
502,5,21,D4,B,6,2
503,30,34,D4,D,8,2
504,6,12,E4,B,6,2
505,2,20,E4,D,8,2
506,32,4,F4,B,6,2
507,6,14,F4,D,8,2
508,26,2,G4,B,6,2
509,37,6,G4,D,8,2
510,11,34,H4,B,6,2
511,26,44,H4,D,8,2
512,Empty,Empty,A5,A,5,2
513,11,36,A5,C,7,2
514,8,20,B5,A,5,2
515,14,16,B5,C,7,2
516,17,17,C5,A,5,2
517,28,4,C5,C,7,2
518,37,46,D5,A,5,2
519,15,37,D5,C,7,2
520,11,3,E5,A,5,2
521,26,17,E5,C,7,2
522,16,23,F5,A,5,2
523,33,9,F5,C,7,2
524,13,7,G5,A,5,2
525,16,16,G5,C,7,2
526,41,31,H5,A,5,2
527,35,24,H5,C,7,2
528,40,41,A5,B,6,2
529,35,40,A5,D,8,2
530,5,38,B5,B,6,2
531,13,9,B5,D,8,2
532,5,19,C5,B,6,2
533,20,27,C5,D,8,2
534,35,12,D5,B,6,2
535,24,31,D5,D,8,2
536,25,19,E5,B,6,2
537,28,36,E5,D,8,2
538,34,36,F5,B,6,2
539,17,37,F5,D,8,2
540,12,17,G5,B,6,2
541,43,43,G5,D,8,2
542,8,25,H5,B,6,2
543,10,42,H5,D,8,2
544,43,24,A6,A,5,2
545,29,31,A6,C,7,2
546,30,35,B6,A,5,2
547,33,27,B6,C,7,2
548,24,13,C6,A,5,2
549,6,6,C6,C,7,2
550,6,32,D6,A,5,2
551,36,20,D6,C,7,2
552,13,46,E6,A,5,2
553,12,36,E6,C,7,2
554,9,12,F6,A,5,2
555,6,33,F6,C,7,2
556,34,34,G6,A,5,2
557,9,3,G6,C,7,2
558,18,8,H6,A,5,2
559,42,30,H6,C,7,2
560,Empty,Empty,A6,B,6,2
561,19,24,A6,D,8,2
562,8,17,B6,B,6,2
563,33,11,B6,D,8,2
564,26,42,C6,B,6,2
565,5,16,C6,D,8,2
566,7,46,D6,B,6,2
567,40,48,D6,D,8,2
568,33,46,E6,B,6,2
569,21,39,E6,D,8,2
570,28,9,F6,B,6,2
571,17,2,F6,D,8,2
572,36,9,G6,B,6,2
573,5,41,G6,D,8,2
574,38,8,H6,B,6,2
575,1,46,H6,D,8,2
576,37,33,A7,A,5,2
577,Empty,Empty,A7,C,7,2
578,3,27,B7,A,5,2
579,9,11,B7,C,7,2
580,36,44,C7,A,5,2
581,30,27,C7,C,7,2
582,34,28,D7,A,5,2
583,13,1,D7,C,7,2
584,43,42,E7,A,5,2
585,19,41,E7,C,7,2
586,7,20,F7,A,5,2
587,29,4,F7,C,7,2
588,1,32,G7,A,5,2
589,35,18,G7,C,7,2
590,4,12,H7,A,5,2
591,22,17,H7,C,7,2
592,38,45,A7,B,6,2
593,14,40,A7,D,8,2
594,43,5,B7,B,6,2
595,29,45,B7,D,8,2
596,6,5,C7,B,6,2
597,37,23,C7,D,8,2
598,32,48,D7,B,6,2
599,29,1,D7,D,8,2
600,36,18,E7,B,6,2
601,14,18,E7,D,8,2
602,38,35,F7,B,6,2
603,17,36,F7,D,8,2
604,34,25,G7,B,6,2
605,23,44,G7,D,8,2
606,11,35,H7,B,6,2
607,2,14,H7,D,8,2
608,24,21,A8,A,5,2
609,29,13,A8,C,7,2
610,17,22,B8,A,5,2
611,40,35,B8,C,7,2
612,42,13,C8,A,5,2
613,36,5,C8,C,7,2
614,37,27,D8,A,5,2
615,17,3,D8,C,7,2
616,35,7,E8,A,5,2
617,27,20,E8,C,7,2
618,15,39,F8,A,5,2
619,8,9,F8,C,7,2
620,14,15,G8,A,5,2
621,28,14,G8,C,7,2
622,7,14,H8,A,5,2
623,28,24,H8,C,7,2
624,29,17,A8,B,6,2
625,Empty,Empty,A8,D,8,2
626,35,32,B8,B,6,2
627,31,7,B8,D,8,2
628,42,6,C8,B,6,2
629,12,24,C8,D,8,2
630,10,20,D8,B,6,2
631,31,28,D8,D,8,2
632,40,10,E8,B,6,2
633,28,46,E8,D,8,2
634,37,24,F8,B,6,2
635,17,11,F8,D,8,2
636,7,38,G8,B,6,2
637,11,24,G8,D,8,2
638,9,42,H8,B,6,2
639,6,34,H8,D,8,2
640,41,42,A9,A,5,2
641,18,46,A9,C,7,2
642,14,28,B9,A,5,2
643,5,9,B9,C,7,2
644,3,13,C9,A,5,2
645,33,12,C9,C,7,2
646,8,38,D9,A,5,2
647,39,8,D9,C,7,2
648,22,16,E9,A,5,2
649,7,25,E9,C,7,2
650,32,7,F9,A,5,2
651,24,28,F9,C,7,2
652,7,6,G9,A,5,2
653,15,45,G9,C,7,2
654,27,1,H9,A,5,2
655,29,36,H9,C,7,2
656,27,32,A9,B,6,2
657,19,15,A9,D,8,2
658,5,7,B9,B,6,2
659,7,21,B9,D,8,2
660,29,41,C9,B,6,2
661,31,35,C9,D,8,2
662,39,27,D9,B,6,2
663,18,33,D9,D,8,2
664,11,40,E9,B,6,2
665,18,11,E9,D,8,2
666,30,14,F9,B,6,2
667,4,23,F9,D,8,2
668,39,14,G9,B,6,2
669,36,41,G9,D,8,2
670,41,27,H9,B,6,2
671,41,34,H9,D,8,2
672,23,11,A10,A,5,2
673,20,1,A10,C,7,2
674,28,29,B10,A,5,2
675,39,28,B10,C,7,2
676,27,37,C10,A,5,2
677,42,16,C10,C,7,2
678,41,17,D10,A,5,2
679,37,44,D10,C,7,2
680,10,35,E10,A,5,2
681,41,4,E10,C,7,2
682,29,22,F10,A,5,2
683,32,28,F10,C,7,2
684,21,23,G10,A,5,2
685,16,46,G10,C,7,2
686,2,9,H10,A,5,2
687,18,43,H10,C,7,2
688,1,44,A10,B,6,2
689,41,21,A10,D,8,2
690,12,16,B10,B,6,2
691,16,20,B10,D,8,2
692,1,10,C10,B,6,2
693,7,45,C10,D,8,2
694,15,24,D10,B,6,2
695,37,20,D10,D,8,2
696,32,42,E10,B,6,2
697,21,25,E10,D,8,2
698,31,25,F10,B,6,2
699,24,7,F10,D,8,2
700,42,28,G10,B,6,2
701,6,2,G10,D,8,2
702,19,11,H10,B,6,2
703,16,35,H10,D,8,2
704,9,22,A11,A,5,2
705,33,23,A11,C,7,2
706,14,27,B11,A,5,2
707,4,1,B11,C,7,2
708,13,42,C11,A,5,2
709,27,35,C11,C,7,2
710,41,46,D11,A,5,2
711,5,40,D11,C,7,2
712,15,46,E11,A,5,2
713,1,31,E11,C,7,2
714,39,12,F11,A,5,2
715,41,33,F11,C,7,2
716,32,23,G11,A,5,2
717,37,22,G11,C,7,2
718,12,29,H11,A,5,2
719,25,20,H11,C,7,2
720,10,12,A11,B,6,2
721,20,39,A11,D,8,2
722,13,3,B11,B,6,2
723,26,7,B11,D,8,2
724,39,45,C11,B,6,2
725,15,25,C11,D,8,2
726,17,28,D11,B,6,2
727,36,16,D11,D,8,2
728,43,44,E11,B,6,2
729,25,40,E11,D,8,2
730,36,23,F11,B,6,2
731,42,31,F11,D,8,2
732,3,45,G11,B,6,2
733,14,11,G11,D,8,2
734,15,13,H11,B,6,2
735,37,10,H11,D,8,2
736,23,33,A12,A,5,2
737,20,46,A12,C,7,2
738,21,43,B12,A,5,2
739,10,24,B12,C,7,2
740,40,30,C12,A,5,2
741,38,48,C12,C,7,2
742,33,36,D12,A,5,2
743,37,40,D12,C,7,2
744,27,10,E12,A,5,2
745,15,18,E12,C,7,2
746,2,42,F12,A,5,2
747,22,2,F12,C,7,2
748,12,34,G12,A,5,2
749,39,21,G12,C,7,2
750,Empty,Empty,H12,A,5,2
751,Empty,Empty,H12,C,7,2
752,26,40,A12,B,6,2
753,25,31,A12,D,8,2
754,39,47,B12,B,6,2
755,21,11,B12,D,8,2
756,24,33,C12,B,6,2
757,10,43,C12,D,8,2
758,36,32,D12,B,6,2
759,10,4,D12,D,8,2
760,6,8,E12,B,6,2
761,35,42,E12,D,8,2
762,27,7,F12,B,6,2
763,4,29,F12,D,8,2
764,4,19,G12,B,6,2
765,37,45,G12,D,8,2
766,Empty,Empty,H12,B,6,2
767,Empty,Empty,H12,D,8,2
769,35,16,A1,A,9,3
770,14,43,A1,C,11,3
771,20,17,B1,A,9,3
772,8,35,B1,C,11,3
773,25,2,C1,A,9,3
774,11,2,C1,C,11,3
775,20,42,D1,A,9,3
776,36,36,D1,C,11,3
777,22,25,E1,A,9,3
778,25,37,E1,C,11,3
779,17,25,F1,A,9,3
780,41,7,F1,C,11,3
781,20,28,G1,A,9,3
782,2,37,G1,C,11,3
783,16,47,H1,A,9,3
784,3,30,H1,C,11,3
785,4,41,A1,B,10,3
786,41,44,A1,D,12,3
787,16,48,B1,B,10,3
788,13,41,B1,D,12,3
789,19,19,C1,B,10,3
790,34,42,C1,D,12,3
791,1,1,D1,B,10,3
792,11,23,D1,D,12,3
793,18,26,E1,B,10,3
794,11,10,E1,D,12,3
795,10,21,F1,B,10,3
796,10,5,F1,D,12,3
797,17,10,G1,B,10,3
798,40,18,G1,D,12,3
799,40,3,H1,B,10,3
800,19,40,H1,D,12,3
801,2,19,A2,A,9,3
802,17,5,A2,C,11,3
803,4,21,B2,A,9,3
804,23,20,B2,C,11,3
805,10,47,C2,A,9,3
806,23,28,C2,C,11,3
807,16,9,D2,A,9,3
808,18,23,D2,C,11,3
809,21,3,E2,A,9,3
810,1,39,E2,C,11,3
811,7,19,F2,A,9,3
812,1,11,F2,C,11,3
813,28,40,G2,A,9,3
814,26,4,G2,C,11,3
815,2,25,H2,A,9,3
816,32,17,H2,C,11,3
817,16,5,A2,B,10,3
818,19,17,A2,D,12,3
819,22,13,B2,B,10,3
820,31,6,B2,D,12,3
821,21,15,C2,B,10,3
822,14,24,C2,D,12,3
823,20,22,D2,B,10,3
824,24,24,D2,D,12,3
825,32,33,E2,B,10,3
826,29,2,E2,D,12,3
827,29,12,F2,B,10,3
828,41,41,F2,D,12,3
829,19,27,G2,B,10,3
830,19,26,G2,D,12,3
831,3,28,H2,B,10,3
832,23,13,H2,D,12,3
833,25,45,A3,A,9,3
834,38,19,A3,C,11,3
835,3,3,B3,A,9,3
836,42,26,B3,C,11,3
837,32,30,C3,A,9,3
838,3,47,C3,C,11,3
839,40,8,D3,A,9,3
840,28,10,D3,C,11,3
841,35,25,E3,A,9,3
842,11,32,E3,C,11,3
843,25,8,F3,A,9,3
844,38,16,F3,C,11,3
845,26,48,G3,A,9,3
846,11,41,G3,C,11,3
847,43,1,H3,A,9,3
848,21,21,H3,C,11,3
849,17,27,A3,B,10,3
850,36,30,A3,D,12,3
851,34,10,B3,B,10,3
852,28,18,B3,D,12,3
853,35,11,C3,B,10,3
854,33,13,C3,D,12,3
855,41,45,D3,B,10,3
856,38,20,D3,D,12,3
857,43,38,E3,B,10,3
858,11,37,E3,D,12,3
859,5,2,F3,B,10,3
860,19,20,F3,D,12,3
861,43,35,G3,B,10,3
862,21,45,G3,D,12,3
863,11,39,H3,B,10,3
864,39,35,H3,D,12,3
865,33,29,A4,A,9,3
866,15,47,A4,C,11,3
867,10,8,B4,A,9,3
868,8,26,B4,C,11,3
869,40,20,C4,A,9,3
870,23,12,C4,C,11,3
871,37,32,D4,A,9,3
872,31,4,D4,C,11,3
873,19,30,E4,A,9,3
874,6,13,E4,C,11,3
875,7,44,F4,A,9,3
876,38,38,F4,C,11,3
877,23,4,G4,A,9,3
878,36,13,G4,C,11,3
879,40,33,H4,A,9,3
880,42,4,H4,C,11,3
881,25,4,A4,B,10,3
882,20,30,A4,D,12,3
883,41,24,B4,B,10,3
884,3,39,B4,D,12,3
885,1,34,C4,B,10,3
886,16,18,C4,D,12,3
887,37,21,D4,B,10,3
888,25,10,D4,D,12,3
889,21,37,E4,B,10,3
890,42,29,E4,D,12,3
891,31,31,F4,B,10,3
892,32,27,F4,D,12,3
893,33,40,G4,B,10,3
894,23,10,G4,D,12,3
895,35,4,H4,B,10,3
896,37,11,H4,D,12,3
897,18,31,A5,A,9,3
898,17,15,A5,C,11,3
899,5,20,B5,A,9,3
900,41,11,B5,C,11,3
901,35,17,C5,A,9,3
902,37,28,C5,C,11,3
903,31,40,D5,A,9,3
904,39,11,D5,C,11,3
905,42,34,E5,A,9,3
906,43,33,E5,C,11,3
907,32,37,F5,A,9,3
908,23,8,F5,C,11,3
909,5,27,G5,A,9,3
910,16,28,G5,C,11,3
911,20,38,H5,A,9,3
912,23,46,H5,C,11,3
913,28,12,A5,B,10,3
914,36,25,A5,D,12,3
915,8,32,B5,B,10,3
916,21,28,B5,D,12,3
917,6,38,C5,B,10,3
918,35,44,C5,D,12,3
919,10,25,D5,B,10,3
920,2,1,D5,D,12,3
921,20,34,E5,B,10,3
922,1,38,E5,D,12,3
923,22,23,F5,B,10,3
924,29,40,F5,D,12,3
925,26,27,G5,B,10,3
926,7,10,G5,D,12,3
927,6,27,H5,B,10,3
928,5,36,H5,D,12,3
929,11,6,A6,A,9,3
930,8,44,A6,C,11,3
931,20,37,B6,A,9,3
932,28,37,B6,C,11,3
933,23,27,C6,A,9,3
934,13,15,C6,C,11,3
935,18,42,D6,A,9,3
936,25,9,D6,C,11,3
937,3,46,E6,A,9,3
938,38,23,E6,C,11,3
939,36,21,F6,A,9,3
940,28,27,F6,C,11,3
941,8,29,G6,A,9,3
942,18,14,G6,C,11,3
943,35,37,H6,A,9,3
944,8,47,H6,C,11,3
945,3,43,A6,B,10,3
946,27,21,A6,D,12,3
947,8,15,B6,B,10,3
948,43,36,B6,D,12,3
949,37,37,C6,B,10,3
950,31,32,C6,D,12,3
951,37,5,D6,B,10,3
952,21,9,D6,D,12,3
953,20,14,E6,B,10,3
954,34,2,E6,D,12,3
955,31,33,F6,B,10,3
956,29,28,F6,D,12,3
957,24,17,G6,B,10,3
958,35,23,G6,D,12,3
959,25,39,H6,B,10,3
960,17,16,H6,D,12,3
961,29,14,A7,A,9,3
962,7,9,A7,C,11,3
963,15,2,B7,A,9,3
964,19,23,B7,C,11,3
965,7,33,C7,A,9,3
966,38,26,C7,C,11,3
967,31,22,D7,A,9,3
968,40,40,D7,C,11,3
969,1,43,E7,A,9,3
970,20,31,E7,C,11,3
971,21,44,F7,A,9,3
972,8,27,F7,C,11,3
973,29,26,G7,A,9,3
974,28,41,G7,C,11,3
975,36,3,H7,A,9,3
976,10,7,H7,C,11,3
977,41,10,A7,B,10,3
978,9,25,A7,D,12,3
979,16,21,B7,B,10,3
980,7,11,B7,D,12,3
981,34,38,C7,B,10,3
982,28,43,C7,D,12,3
983,1,13,D7,B,10,3
984,32,45,D7,D,12,3
985,38,9,E7,B,10,3
986,18,32,E7,D,12,3
987,32,11,F7,B,10,3
988,17,30,F7,D,12,3
989,30,26,G7,B,10,3
990,38,14,G7,D,12,3
991,26,45,H7,B,10,3
992,38,25,H7,D,12,3
993,26,31,A8,A,9,3
994,41,3,A8,C,11,3
995,5,31,B8,A,9,3
996,29,18,B8,C,11,3
997,6,35,C8,A,9,3
998,38,37,C8,C,11,3
999,24,23,D8,A,9,3
1000,9,44,D8,C,11,3
1001,35,43,E8,A,9,3
1002,18,37,E8,C,11,3
1003,12,4,F8,A,9,3
1004,43,30,F8,C,11,3
1005,43,27,G8,A,9,3
1006,2,2,G8,C,11,3
1007,17,45,H8,A,9,3
1008,39,46,H8,C,11,3
1009,8,36,A8,B,10,3
1010,1,7,A8,D,12,3
1011,20,33,B8,B,10,3
1012,29,30,B8,D,12,3
1013,41,6,C8,B,10,3
1014,36,29,C8,D,12,3
1015,19,32,D8,B,10,3
1016,36,19,D8,D,12,3
1017,16,12,E8,B,10,3
1018,9,32,E8,D,12,3
1019,3,36,F8,B,10,3
1020,9,24,F8,D,12,3
1021,42,32,G8,B,10,3
1022,6,28,G8,D,12,3
1023,17,12,H8,B,10,3
1024,40,21,H8,D,12,3
1025,Empty,Empty,A9,A,9,3
1026,22,38,A9,C,11,3
1027,20,24,B9,A,9,3
1028,9,30,B9,C,11,3
1029,13,25,C9,A,9,3
1030,16,38,C9,C,11,3
1031,39,25,D9,A,9,3
1032,34,23,D9,C,11,3
1033,22,46,E9,A,9,3
1034,37,43,E9,C,11,3
1035,30,8,F9,A,9,3
1036,31,27,F9,C,11,3
1037,14,34,G9,A,9,3
1038,14,48,G9,C,11,3
1039,8,48,H9,A,9,3
1040,17,23,H9,C,11,3
1041,31,43,A9,B,10,3
1042,18,16,A9,D,12,3
1043,18,15,B9,B,10,3
1044,20,23,B9,D,12,3
1045,2,3,C9,B,10,3
1046,36,14,C9,D,12,3
1047,35,27,D9,B,10,3
1048,14,32,D9,D,12,3
1049,30,20,E9,B,10,3
1050,33,43,E9,D,12,3
1051,17,20,F9,B,10,3
1052,2,24,F9,D,12,3
1053,24,1,G9,B,10,3
1054,33,8,G9,D,12,3
1055,16,2,H9,B,10,3
1056,34,7,H9,D,12,3
1057,16,39,A10,A,9,3
1058,17,21,A10,C,11,3
1059,10,10,B10,A,9,3
1060,13,5,B10,C,11,3
1061,17,26,C10,A,9,3
1062,13,21,C10,C,11,3
1063,2,18,D10,A,9,3
1064,31,39,D10,C,11,3
1065,4,2,E10,A,9,3
1066,3,1,E10,C,11,3
1067,14,33,F10,A,9,3
1068,33,30,F10,C,11,3
1069,15,30,G10,A,9,3
1070,5,10,G10,C,11,3
1071,17,34,H10,A,9,3
1072,28,35,H10,C,11,3
1073,Empty,Empty,A10,B,10,3
1074,8,37,A10,D,12,3
1075,34,15,B10,B,10,3
1076,26,13,B10,D,12,3
1077,41,22,C10,B,10,3
1078,8,28,C10,D,12,3
1079,19,44,D10,B,10,3
1080,12,48,D10,D,12,3
1081,29,15,E10,B,10,3
1082,42,21,E10,D,12,3
1083,29,29,F10,B,10,3
1084,21,13,F10,D,12,3
1085,43,19,G10,B,10,3
1086,4,3,G10,D,12,3
1087,41,19,H10,B,10,3
1088,12,11,H10,D,12,3
1089,41,26,A11,A,9,3
1090,Empty,Empty,A11,C,11,3
1091,13,12,B11,A,9,3
1092,35,5,B11,C,11,3
1093,24,30,C11,A,9,3
1094,28,13,C11,C,11,3
1095,6,41,D11,A,9,3
1096,24,14,D11,C,11,3
1097,4,45,E11,A,9,3
1098,18,44,E11,C,11,3
1099,26,24,F11,A,9,3
1100,43,10,F11,C,11,3
1101,4,47,G11,A,9,3
1102,41,36,G11,C,11,3
1103,25,34,H11,A,9,3
1104,42,38,H11,C,11,3
1105,40,39,A11,B,10,3
1106,3,11,A11,D,12,3
1107,11,26,B11,B,10,3
1108,33,10,B11,D,12,3
1109,22,30,C11,B,10,3
1110,38,12,C11,D,12,3
1111,24,40,D11,B,10,3
1112,6,26,D11,D,12,3
1113,6,16,E11,B,10,3
1114,28,2,E11,D,12,3
1115,9,43,F11,B,10,3
1116,13,45,F11,D,12,3
1117,22,14,G11,B,10,3
1118,3,7,G11,D,12,3
1119,25,24,H11,B,10,3
1120,18,21,H11,D,12,3
1121,37,38,A12,A,9,3
1122,29,27,A12,C,11,3
1123,2,44,B12,A,9,3
1124,9,34,B12,C,11,3
1125,36,38,C12,A,9,3
1126,11,21,C12,C,11,3
1127,37,29,D12,A,9,3
1128,41,12,D12,C,11,3
1129,15,38,E12,A,9,3
1130,42,40,E12,C,11,3
1131,43,26,F12,A,9,3
1132,25,32,F12,C,11,3
1133,7,30,G12,A,9,3
1134,3,23,G12,C,11,3
1135,Empty,Empty,H12,A,9,3
1136,Empty,Empty,H12,C,11,3
1137,9,48,A12,B,10,3
1138,Empty,Empty,A12,D,12,3
1139,3,15,B12,B,10,3
1140,2,17,B12,D,12,3
1141,34,3,C12,B,10,3
1142,11,29,C12,D,12,3
1143,33,22,D12,B,10,3
1144,18,30,D12,D,12,3
1145,17,32,E12,B,10,3
1146,3,19,E12,D,12,3
1147,6,22,F12,B,10,3
1148,38,33,F12,D,12,3
1149,43,32,G12,B,10,3
1150,39,26,G12,D,12,3
1151,Empty,Empty,H12,B,10,3
1152,Empty,Empty,H12,D,12,3
1153,22,37,A1,A,13,4
1154,14,26,A1,C,15,4
1155,Empty,Empty,B1,A,13,4
1156,32,21,B1,C,15,4
1157,34,11,C1,A,13,4
1158,23,40,C1,C,15,4
1159,32,40,D1,A,13,4
1160,42,25,D1,C,15,4
1161,43,29,E1,A,13,4
1162,30,10,E1,C,15,4
1163,5,46,F1,A,13,4
1164,7,34,F1,C,15,4
1165,27,27,G1,A,13,4
1166,6,44,G1,C,15,4
1167,37,18,H1,A,13,4
1168,32,31,H1,C,15,4
1169,15,15,A1,B,14,4
1170,25,21,A1,D,16,4
1171,41,9,B1,B,14,4
1172,43,7,B1,D,16,4
1173,15,27,C1,B,14,4
1174,14,47,C1,D,16,4
1175,42,8,D1,B,14,4
1176,36,10,D1,D,16,4
1177,38,4,E1,B,14,4
1178,27,22,E1,D,16,4
1179,19,33,F1,B,14,4
1180,30,17,F1,D,16,4
1181,11,28,G1,B,14,4
1182,13,47,G1,D,16,4
1183,27,48,H1,B,14,4
1184,14,38,H1,D,16,4
1185,17,38,A2,A,13,4
1186,37,2,A2,C,15,4
1187,21,14,B2,A,13,4
1188,4,40,B2,C,15,4
1189,31,44,C2,A,13,4
1190,36,24,C2,C,15,4
1191,9,27,D2,A,13,4
1192,34,48,D2,C,15,4
1193,28,16,E2,A,13,4
1194,18,10,E2,C,15,4
1195,4,48,F2,A,13,4
1196,28,22,F2,C,15,4
1197,1,16,G2,A,13,4
1198,11,15,G2,C,15,4
1199,26,47,H2,A,13,4
1200,8,33,H2,C,15,4
1201,30,15,A2,B,14,4
1202,39,37,A2,D,16,4
1203,Empty,Empty,B2,B,14,4
1204,17,29,B2,D,16,4
1205,12,19,C2,B,14,4
1206,35,14,C2,D,16,4
1207,8,23,D2,B,14,4
1208,21,22,D2,D,16,4
1209,41,14,E2,B,14,4
1210,6,7,E2,D,16,4
1211,23,38,F2,B,14,4
1212,20,13,F2,D,16,4
1213,25,33,G2,B,14,4
1214,42,9,G2,D,16,4
1215,23,21,H2,B,14,4
1216,13,37,H2,D,16,4
1217,30,13,A3,A,13,4
1218,33,14,A3,C,15,4
1219,33,33,B3,A,13,4
1220,Empty,Empty,B3,C,15,4
1221,31,48,C3,A,13,4
1222,7,3,C3,C,15,4
1223,31,5,D3,A,13,4
1224,13,35,D3,C,15,4
1225,12,1,E3,A,13,4
1226,33,4,E3,C,15,4
1227,22,41,F3,A,13,4
1228,10,16,F3,C,15,4
1229,11,20,G3,A,13,4
1230,43,17,G3,C,15,4
1231,20,10,H3,A,13,4
1232,4,5,H3,C,15,4
1233,1,9,A3,B,14,4
1234,19,28,A3,D,16,4
1235,43,31,B3,B,14,4
1236,39,24,B3,D,16,4
1237,30,45,C3,B,14,4
1238,7,32,C3,D,16,4
1239,39,7,D3,B,14,4
1240,2,26,D3,D,16,4
1241,26,32,E3,B,14,4
1242,4,11,E3,D,16,4
1243,27,39,F3,B,14,4
1244,26,3,F3,D,16,4
1245,26,33,G3,B,14,4
1246,23,36,G3,D,16,4
1247,4,24,H3,B,14,4
1248,4,42,H3,D,16,4
1249,43,46,A4,A,13,4
1250,28,8,A4,C,15,4
1251,14,13,B4,A,13,4
1252,18,20,B4,C,15,4
1253,38,18,C4,A,13,4
1254,14,22,C4,C,15,4
1255,3,20,D4,A,13,4
1256,39,40,D4,C,15,4
1257,22,22,E4,A,13,4
1258,38,34,E4,C,15,4
1259,2,12,F4,A,13,4
1260,36,31,F4,C,15,4
1261,3,24,G4,A,13,4
1262,14,6,G4,C,15,4
1263,4,16,H4,A,13,4
1264,30,24,H4,C,15,4
1265,26,21,A4,B,14,4
1266,27,25,A4,D,16,4
1267,7,35,B4,B,14,4
1268,Empty,Empty,B4,D,16,4
1269,17,6,C4,B,14,4
1270,35,36,C4,D,16,4
1271,18,19,D4,B,14,4
1272,7,41,D4,D,16,4
1273,7,12,E4,B,14,4
1274,36,27,E4,D,16,4
1275,32,8,F4,B,14,4
1276,14,19,F4,D,16,4
1277,1,5,G4,B,14,4
1278,16,26,G4,D,16,4
1279,1,37,H4,B,14,4
1280,20,16,H4,D,16,4
1281,7,42,A5,A,13,4
1282,30,7,A5,C,15,4
1283,42,39,B5,A,13,4
1284,23,32,B5,C,15,4
1285,16,1,C5,A,13,4
1286,42,45,C5,C,15,4
1287,1,28,D5,A,13,4
1288,37,7,D5,C,15,4
1289,28,21,E5,A,13,4
1290,14,45,E5,C,15,4
1291,43,48,F5,A,13,4
1292,7,8,F5,C,15,4
1293,5,18,G5,A,13,4
1294,9,26,G5,C,15,4
1295,13,26,H5,A,13,4
1296,1,35,H5,C,15,4
1297,4,44,A5,B,14,4
1298,10,17,A5,D,16,4
1299,5,45,B5,B,14,4
1300,26,8,B5,D,16,4
1301,6,42,C5,B,14,4
1302,4,46,C5,D,16,4
1303,40,38,D5,B,14,4
1304,42,18,D5,D,16,4
1305,32,44,E5,B,14,4
1306,23,18,E5,D,16,4
1307,35,15,F5,B,14,4
1308,17,43,F5,D,16,4
1309,24,22,G5,B,14,4
1310,43,18,G5,D,16,4
1311,21,16,H5,B,14,4
1312,4,37,H5,D,16,4
1313,12,32,A6,A,13,4
1314,43,39,A6,C,15,4
1315,21,29,B6,A,13,4
1316,12,35,B6,C,15,4
1317,26,29,C6,A,13,4
1318,41,38,C6,C,15,4
1319,7,4,D6,A,13,4
1320,33,21,D6,C,15,4
1321,40,25,E6,A,13,4
1322,4,6,E6,C,15,4
1323,15,6,F6,A,13,4
1324,36,17,F6,C,15,4
1325,18,40,G6,A,13,4
1326,4,10,G6,C,15,4
1327,31,45,H6,A,13,4
1328,39,42,H6,C,15,4
1329,27,40,A6,B,14,4
1330,5,22,A6,D,16,4
1331,29,9,B6,B,14,4
1332,8,4,B6,D,16,4
1333,1,4,C6,B,14,4
1334,26,34,C6,D,16,4
1335,35,26,D6,B,14,4
1336,25,25,D6,D,16,4
1337,8,5,E6,B,14,4
1338,38,43,E6,D,16,4
1339,15,17,F6,B,14,4
1340,22,27,F6,D,16,4
1341,20,6,G6,B,14,4
1342,38,15,G6,D,16,4
1343,42,11,H6,B,14,4
1344,3,17,H6,D,16,4
1345,23,30,A7,A,13,4
1346,32,10,A7,C,15,4
1347,20,3,B7,A,13,4
1348,38,36,B7,C,15,4
1349,20,4,C7,A,13,4
1350,40,44,C7,C,15,4
1351,24,12,D7,A,13,4
1352,29,6,D7,C,15,4
1353,39,22,E7,A,13,4
1354,3,2,E7,C,15,4
1355,30,18,F7,A,13,4
1356,8,30,F7,C,15,4
1357,41,28,G7,A,13,4
1358,29,5,G7,C,15,4
1359,25,17,H7,A,13,4
1360,2,11,H7,C,15,4
1361,21,7,A7,B,14,4
1362,31,1,A7,D,16,4
1363,3,40,B7,B,14,4
1364,19,48,B7,D,16,4
1365,6,10,C7,B,14,4
1366,32,47,C7,D,16,4
1367,15,34,D7,B,14,4
1368,5,39,D7,D,16,4
1369,7,22,E7,B,14,4
1370,27,6,E7,D,16,4
1371,16,3,F7,B,14,4
1372,43,22,F7,D,16,4
1373,33,35,G7,B,14,4
1374,20,48,G7,D,16,4
1375,13,11,H7,B,14,4
1376,24,2,H7,D,16,4
1377,9,46,A8,A,13,4
1378,34,35,A8,C,15,4
1379,41,39,B8,A,13,4
1380,13,29,B8,C,15,4
1381,42,7,C8,A,13,4
1382,7,39,C8,C,15,4
1383,41,16,D8,A,13,4
1384,41,35,D8,C,15,4
1385,41,40,E8,A,13,4
1386,14,17,E8,C,15,4
1387,40,24,F8,A,13,4
1388,37,30,F8,C,15,4
1389,27,31,G8,A,13,4
1390,41,29,G8,C,15,4
1391,15,8,H8,A,13,4
1392,40,26,H8,C,15,4
1393,24,4,A8,B,14,4
1394,32,2,A8,D,16,4
1395,2,23,B8,B,14,4
1396,18,24,B8,D,16,4
1397,1,29,C8,B,14,4
1398,30,9,C8,D,16,4
1399,35,38,D8,B,14,4
1400,4,13,D8,D,16,4
1401,18,18,E8,B,14,4
1402,28,38,E8,D,16,4
1403,35,10,F8,B,14,4
1404,11,30,F8,D,16,4
1405,27,33,G8,B,14,4
1406,24,43,G8,D,16,4
1407,12,8,H8,B,14,4
1408,7,28,H8,D,16,4
1409,18,7,A9,A,13,4
1410,37,26,A9,C,15,4
1411,18,22,B9,A,13,4
1412,21,8,B9,C,15,4
1413,28,42,C9,A,13,4
1414,23,15,C9,C,15,4
1415,40,31,D9,A,13,4
1416,11,17,D9,C,15,4
1417,27,19,E9,A,13,4
1418,10,41,E9,C,15,4
1419,2,13,F9,A,13,4
1420,39,9,F9,C,15,4
1421,4,4,G9,A,13,4
1422,28,31,G9,C,15,4
1423,15,19,H9,A,13,4
1424,15,26,H9,C,15,4
1425,37,48,A9,B,14,4
1426,35,31,A9,D,16,4
1427,25,35,B9,B,14,4
1428,43,41,B9,D,16,4
1429,25,15,C9,B,14,4
1430,6,48,C9,D,16,4
1431,30,32,D9,B,14,4
1432,9,19,D9,D,16,4
1433,8,19,E9,B,14,4
1434,18,9,E9,D,16,4
1435,7,37,F9,B,14,4
1436,34,26,F9,D,16,4
1437,28,25,G9,B,14,4
1438,12,38,G9,D,16,4
1439,34,18,H9,B,14,4
1440,32,32,H9,D,16,4
1441,39,38,A10,A,13,4
1442,42,20,A10,C,15,4
1443,34,33,B10,A,13,4
1444,15,12,B10,C,15,4
1445,16,14,C10,A,13,4
1446,17,42,C10,C,15,4
1447,22,3,D10,A,13,4
1448,28,6,D10,C,15,4
1449,32,43,E10,A,13,4
1450,24,34,E10,C,15,4
1451,8,11,F10,A,13,4
1452,14,20,F10,C,15,4
1453,3,31,G10,A,13,4
1454,6,21,G10,C,15,4
1455,1,36,H10,A,13,4
1456,35,1,H10,C,15,4
1457,13,31,A10,B,14,4
1458,36,39,A10,D,16,4
1459,41,43,B10,B,14,4
1460,15,21,B10,D,16,4
1461,35,28,C10,B,14,4
1462,22,32,C10,D,16,4
1463,12,33,D10,B,14,4
1464,36,43,D10,D,16,4
1465,12,3,E10,B,14,4
1466,4,22,E10,D,16,4
1467,29,39,F10,B,14,4
1468,11,9,F10,D,16,4
1469,12,26,G10,B,14,4
1470,14,9,G10,D,16,4
1471,8,6,H10,B,14,4
1472,12,28,H10,D,16,4
1473,16,15,A11,A,13,4
1474,34,20,A11,C,15,4
1475,12,12,B11,A,13,4
1476,18,3,B11,C,15,4
1477,12,2,C11,A,13,4
1478,29,23,C11,C,15,4
1479,28,39,D11,A,13,4
1480,31,46,D11,C,15,4
1481,26,1,E11,A,13,4
1482,3,4,E11,C,15,4
1483,37,31,F11,A,13,4
1484,20,43,F11,C,15,4
1485,34,4,G11,A,13,4
1486,28,34,G11,C,15,4
1487,8,1,H11,A,13,4
1488,27,2,H11,C,15,4
1489,2,10,A11,B,14,4
1490,22,1,A11,D,16,4
1491,20,7,B11,B,14,4
1492,13,48,B11,D,16,4
1493,12,40,C11,B,14,4
1494,30,2,C11,D,16,4
1495,21,47,D11,B,14,4
1496,30,47,D11,D,16,4
1497,43,28,E11,B,14,4
1498,7,15,E11,D,16,4
1499,40,32,F11,B,14,4
1500,3,8,F11,D,16,4
1501,27,30,G11,B,14,4
1502,32,29,G11,D,16,4
1503,32,24,H11,B,14,4
1504,38,32,H11,D,16,4
1505,19,47,A12,A,13,4
1506,19,46,A12,C,15,4
1507,3,18,B12,A,13,4
1508,29,25,B12,C,15,4
1509,20,19,C12,A,13,4
1510,27,11,C12,C,15,4
1511,26,30,D12,A,13,4
1512,34,31,D12,C,15,4
1513,26,14,E12,A,13,4
1514,16,37,E12,C,15,4
1515,34,9,F12,A,13,4
1516,12,45,F12,C,15,4
1517,24,16,G12,A,13,4
1518,32,6,G12,C,15,4
1519,Empty,Empty,H12,A,13,4
1520,Empty,Empty,H12,C,15,4
1521,37,15,A12,B,14,4
1522,16,10,A12,D,16,4
1523,19,2,B12,B,14,4
1524,15,11,B12,D,16,4
1525,8,24,C12,B,14,4
1526,34,44,C12,D,16,4
1527,8,41,D12,B,14,4
1528,10,13,D12,D,16,4
1529,15,16,E12,B,14,4
1530,34,13,E12,D,16,4
1531,9,28,F12,B,14,4
1532,23,47,F12,D,16,4
1533,30,36,G12,B,14,4
1534,16,33,G12,D,16,4
1535,Empty,Empty,H12,B,14,4
1536,Empty,Empty,H12,D,16,4
1537,37,8,A1,A,17,5
1538,28,44,A1,C,19,5
1539,19,5,B1,A,17,5
1540,35,22,B1,C,19,5
1541,9,23,C1,A,17,5
1542,1,40,C1,C,19,5
1543,37,41,D1,A,17,5
1544,36,22,D1,C,19,5
1545,18,2,E1,A,17,5
1546,6,36,E1,C,19,5
1547,8,10,F1,A,17,5
1548,32,22,F1,C,19,5
1549,26,38,G1,A,17,5
1550,40,15,G1,C,19,5
1551,1,33,H1,A,17,5
1552,15,23,H1,C,19,5
1553,5,23,A1,B,18,5
1554,9,38,A1,D,20,5
1555,42,15,B1,B,18,5
1556,31,13,B1,D,20,5
1557,1,22,C1,B,18,5
1558,26,39,C1,D,20,5
1559,30,42,D1,B,18,5
1560,6,29,D1,D,20,5
1561,12,13,E1,B,18,5
1562,10,34,E1,D,20,5
1563,4,33,F1,B,18,5
1564,13,20,F1,D,20,5
1565,40,9,G1,B,18,5
1566,12,9,G1,D,20,5
1567,5,25,H1,B,18,5
1568,36,8,H1,D,20,5
1569,18,28,A2,A,17,5
1570,39,17,A2,C,19,5
1571,27,16,B2,A,17,5
1572,12,39,B2,C,19,5
1573,28,45,C2,A,17,5
1574,43,12,C2,C,19,5
1575,7,36,D2,A,17,5
1576,25,29,D2,C,19,5
1577,33,2,E2,A,17,5
1578,12,27,E2,C,19,5
1579,24,41,F2,A,17,5
1580,15,10,F2,C,19,5
1581,27,46,G2,A,17,5
1582,10,40,G2,C,19,5
1583,18,5,H2,A,17,5
1584,3,14,H2,C,19,5
1585,17,40,A2,B,18,5
1586,42,12,A2,D,20,5
1587,13,33,B2,B,18,5
1588,31,36,B2,D,20,5
1589,34,27,C2,B,18,5
1590,10,28,C2,D,20,5
1591,7,16,D2,B,18,5
1592,33,6,D2,D,20,5
1593,20,45,E2,B,18,5
1594,5,44,E2,D,20,5
1595,13,19,F2,B,18,5
1596,25,6,F2,D,20,5
1597,3,21,G2,B,18,5
1598,32,20,G2,D,20,5
1599,39,48,H2,B,18,5
1600,16,41,H2,D,20,5
1601,18,35,A3,A,17,5
1602,41,23,A3,C,19,5
1603,15,5,B3,A,17,5
1604,37,17,B3,C,19,5
1605,34,32,C3,A,17,5
1606,9,1,C3,C,19,5
1607,19,43,D3,A,17,5
1608,23,26,D3,C,19,5
1609,11,25,E3,A,17,5
1610,27,12,E3,C,19,5
1611,23,41,F3,A,17,5
1612,43,11,F3,C,19,5
1613,14,25,G3,A,17,5
1614,2,22,G3,C,19,5
1615,27,41,H3,A,17,5
1616,25,27,H3,C,19,5
1617,4,30,A3,B,18,5
1618,6,37,A3,D,20,5
1619,19,29,B3,B,18,5
1620,30,6,B3,D,20,5
1621,5,47,C3,B,18,5
1622,14,36,C3,D,20,5
1623,26,6,D3,B,18,5
1624,33,17,D3,D,20,5
1625,21,26,E3,B,18,5
1626,33,5,E3,D,20,5
1627,43,15,F3,B,18,5
1628,21,27,F3,D,20,5
1629,20,8,G3,B,18,5
1630,7,31,G3,D,20,5
1631,16,30,H3,B,18,5
1632,28,11,H3,D,20,5
1633,23,37,A4,A,17,5
1634,31,17,A4,C,19,5
1635,27,8,B4,A,17,5
1636,16,17,B4,C,19,5
1637,42,42,C4,A,17,5
1638,31,10,C4,C,19,5
1639,30,21,D4,A,17,5
1640,20,18,D4,C,19,5
1641,21,12,E4,A,17,5
1642,15,22,E4,C,19,5
1643,26,23,F4,A,17,5
1644,22,44,F4,C,19,5
1645,15,32,G4,A,17,5
1646,39,33,G4,C,19,5
1647,9,29,H4,A,17,5
1648,39,20,H4,C,19,5
1649,27,45,A4,B,18,5
1650,25,5,A4,D,20,5
1651,26,43,B4,B,18,5
1652,29,43,B4,D,20,5
1653,20,15,C4,B,18,5
1654,15,33,C4,D,20,5
1655,35,29,D4,B,18,5
1656,25,48,D4,D,20,5
1657,36,4,E4,B,18,5
1658,2,38,E4,D,20,5
1659,43,9,F4,B,18,5
1660,10,31,F4,D,20,5
1661,42,17,G4,B,18,5
1662,15,35,G4,D,20,5
1663,18,48,H4,B,18,5
1664,19,8,H4,D,20,5
1665,39,29,A5,A,17,5
1666,30,43,A5,C,19,5
1667,Empty,Empty,B5,A,17,5
1668,38,2,B5,C,19,5
1669,22,36,C5,A,17,5
1670,36,15,C5,C,19,5
1671,15,29,D5,A,17,5
1672,9,47,D5,C,19,5
1673,42,37,E5,A,17,5
1674,28,15,E5,C,19,5
1675,21,31,F5,A,17,5
1676,3,22,F5,C,19,5
1677,1,2,G5,A,17,5
1678,20,40,G5,C,19,5
1679,18,38,H5,A,17,5
1680,43,40,H5,C,19,5
1681,29,24,A5,B,18,5
1682,39,2,A5,D,20,5
1683,28,7,B5,B,18,5
1684,24,29,B5,D,20,5
1685,23,1,C5,B,18,5
1686,24,8,C5,D,20,5
1687,2,35,D5,B,18,5
1688,2,16,D5,D,20,5
1689,12,41,E5,B,18,5
1690,37,13,E5,D,20,5
1691,2,47,F5,B,18,5
1692,12,15,F5,D,20,5
1693,5,8,G5,B,18,5
1694,27,36,G5,D,20,5
1695,38,27,H5,B,18,5
1696,29,20,H5,D,20,5
1697,31,14,A6,A,17,5
1698,3,12,A6,C,19,5
1699,33,31,B6,A,17,5
1700,22,10,B6,C,19,5
1701,29,11,C6,A,17,5
1702,26,15,C6,C,19,5
1703,39,13,D6,A,17,5
1704,31,2,D6,C,19,5
1705,34,37,E6,A,17,5
1706,9,14,E6,C,19,5
1707,11,27,F6,A,17,5
1708,13,34,F6,C,19,5
1709,41,18,G6,A,17,5
1710,32,25,G6,C,19,5
1711,18,25,H6,A,17,5
1712,31,9,H6,C,19,5
1713,10,26,A6,B,18,5
1714,15,48,A6,D,20,5
1715,Empty,Empty,B6,B,18,5
1716,15,3,B6,D,20,5
1717,41,2,C6,B,18,5
1718,40,16,C6,D,20,5
1719,40,42,D6,B,18,5
1720,39,6,D6,D,20,5
1721,26,20,E6,B,18,5
1722,21,17,E6,D,20,5
1723,25,22,F6,B,18,5
1724,5,5,F6,D,20,5
1725,38,17,G6,B,18,5
1726,30,41,G6,D,20,5
1727,34,8,H6,B,18,5
1728,27,3,H6,D,20,5
1729,14,30,A7,A,17,5
1730,32,3,A7,C,19,5
1731,25,18,B7,A,17,5
1732,Empty,Empty,B7,C,19,5
1733,31,26,C7,A,17,5
1734,27,18,C7,C,19,5
1735,27,38,D7,A,17,5
1736,32,38,D7,C,19,5
1737,38,47,E7,A,17,5
1738,4,34,E7,C,19,5
1739,38,42,F7,A,17,5
1740,31,37,F7,C,19,5
1741,2,36,G7,A,17,5
1742,13,30,G7,C,19,5
1743,16,7,H7,A,17,5
1744,4,15,H7,C,19,5
1745,38,46,A7,B,18,5
1746,31,30,A7,D,20,5
1747,31,34,B7,B,18,5
1748,14,1,B7,D,20,5
1749,18,6,C7,B,18,5
1750,38,13,C7,D,20,5
1751,14,35,D7,B,18,5
1752,15,43,D7,D,20,5
1753,6,23,E7,B,18,5
1754,21,48,E7,D,20,5
1755,40,5,F7,B,18,5
1756,34,12,F7,D,20,5
1757,40,34,G7,B,18,5
1758,20,21,G7,D,20,5
1759,19,21,H7,B,18,5
1760,17,18,H7,D,20,5
1761,24,20,A8,A,17,5
1762,29,47,A8,C,19,5
1763,13,24,B8,A,17,5
1764,32,34,B8,C,19,5
1765,13,28,C8,A,17,5
1766,25,38,C8,C,19,5
1767,33,47,D8,A,17,5
1768,14,21,D8,C,19,5
1769,28,19,E8,A,17,5
1770,18,34,E8,C,19,5
1771,42,36,F8,A,17,5
1772,19,1,F8,C,19,5
1773,35,39,G8,A,17,5
1774,10,33,G8,C,19,5
1775,18,36,H8,A,17,5
1776,10,2,H8,C,19,5
1777,43,13,A8,B,18,5
1778,14,14,A8,D,20,5
1779,19,25,B8,B,18,5
1780,Empty,Empty,B8,D,20,5
1781,24,5,C8,B,18,5
1782,42,19,C8,D,20,5
1783,33,34,D8,B,18,5
1784,33,42,D8,D,20,5
1785,16,11,E8,B,18,5
1786,38,3,E8,D,20,5
1787,1,47,F8,B,18,5
1788,2,6,F8,D,20,5
1789,10,37,G8,B,18,5
1790,26,35,G8,D,20,5
1791,28,17,H8,B,18,5
1792,17,9,H8,D,20,5
1793,32,1,A9,A,17,5
1794,8,46,A9,C,19,5
1795,12,31,B9,A,17,5
1796,35,47,B9,C,19,5
1797,25,47,C9,A,17,5
1798,9,2,C9,C,19,5
1799,28,28,D9,A,17,5
1800,1,15,D9,C,19,5
1801,27,9,E9,A,17,5
1802,42,41,E9,C,19,5
1803,24,15,F9,A,17,5
1804,9,17,F9,C,19,5
1805,40,19,G9,A,17,5
1806,22,42,G9,C,19,5
1807,33,41,H9,A,17,5
1808,27,28,H9,C,19,5
1809,39,4,A9,B,18,5
1810,36,37,A9,D,20,5
1811,30,3,B9,B,18,5
1812,39,18,B9,D,20,5
1813,1,3,C9,B,18,5
1814,9,31,C9,D,20,5
1815,33,39,D9,B,18,5
1816,37,39,D9,D,20,5
1817,10,32,E9,B,18,5
1818,33,7,E9,D,20,5
1819,41,30,F9,B,18,5
1820,1,41,F9,D,20,5
1821,12,47,G9,B,18,5
1822,42,24,G9,D,20,5
1823,13,6,H9,B,18,5
1824,40,47,H9,D,20,5
1825,41,37,A10,A,17,5
1826,18,1,A10,C,19,5
1827,9,40,B10,A,17,5
1828,3,41,B10,C,19,5
1829,5,32,C10,A,17,5
1830,42,5,C10,C,19,5
1831,4,32,D10,A,17,5
1832,31,15,D10,C,19,5
1833,3,32,E10,A,17,5
1834,30,16,E10,C,19,5
1835,36,34,F10,A,17,5
1836,24,39,F10,C,19,5
1837,37,19,G10,A,17,5
1838,21,36,G10,C,19,5
1839,30,30,H10,A,17,5
1840,4,7,H10,C,19,5
1841,40,11,A10,B,18,5
1842,33,37,A10,D,20,5
1843,13,18,B10,B,18,5
1844,11,18,B10,D,20,5
1845,8,22,C10,B,18,5
1846,33,16,C10,D,20,5
1847,14,31,D10,B,18,5
1848,36,46,D10,D,20,5
1849,37,3,E10,B,18,5
1850,20,36,E10,D,20,5
1851,1,27,F10,B,18,5
1852,23,43,F10,D,20,5
1853,11,22,G10,B,18,5
1854,21,6,G10,D,20,5
1855,14,12,H10,B,18,5
1856,41,5,H10,D,20,5
1857,16,45,A11,A,17,5
1858,24,46,A11,C,19,5
1859,4,35,B11,A,17,5
1860,19,18,B11,C,19,5
1861,36,6,C11,A,17,5
1862,19,36,C11,C,19,5
1863,25,36,D11,A,17,5
1864,18,13,D11,C,19,5
1865,28,47,E11,A,17,5
1866,39,3,E11,C,19,5
1867,2,30,F11,A,17,5
1868,39,19,F11,C,19,5
1869,15,40,G11,A,17,5
1870,43,3,G11,C,19,5
1871,27,24,H11,A,17,5
1872,30,46,H11,C,19,5
1873,6,19,A11,B,18,5
1874,14,7,A11,D,20,5
1875,6,24,B11,B,18,5
1876,29,34,B11,D,20,5
1877,32,39,C11,B,18,5
1878,20,35,C11,D,20,5
1879,40,17,D11,B,18,5
1880,10,30,D11,D,20,5
1881,30,31,E11,B,18,5
1882,36,42,E11,D,20,5
1883,2,7,F11,B,18,5
1884,24,19,F11,D,20,5
1885,8,31,G11,B,18,5
1886,3,34,G11,D,20,5
1887,27,42,H11,B,18,5
1888,5,24,H11,D,20,5
1889,12,5,A12,A,17,5
1890,19,4,A12,C,19,5
1891,22,31,B12,A,17,5
1892,35,46,B12,C,19,5
1893,16,24,C12,A,17,5
1894,37,25,C12,C,19,5
1895,1,48,D12,A,17,5
1896,17,4,D12,C,19,5
1897,27,34,E12,A,17,5
1898,13,32,E12,C,19,5
1899,7,5,F12,A,17,5
1900,18,41,F12,C,19,5
1901,1,45,G12,A,17,5
1902,21,18,G12,C,19,5
1903,Empty,Empty,H12,A,17,5
1904,Empty,Empty,H12,C,19,5
1905,3,6,A12,B,18,5
1906,28,30,A12,D,20,5
1907,17,48,B12,B,18,5
1908,6,39,B12,D,20,5
1909,40,7,C12,B,18,5
1910,11,44,C12,D,20,5
1911,19,9,D12,B,18,5
1912,11,13,D12,D,20,5
1913,30,25,E12,B,18,5
1914,27,5,E12,D,20,5
1915,5,15,F12,B,18,5
1916,9,36,F12,D,20,5
1917,23,6,G12,B,18,5
1918,11,19,G12,D,20,5
1919,Empty,Empty,H12,B,18,5
1920,Empty,Empty,H12,D,20,5
1921,26,5,A1,A,21,6
1922,Empty,Empty,A1,C,23,6
1923,1,17,B1,A,21,6
1924,Empty,Empty,B1,C,23,6
1925,12,22,C1,A,21,6
1926,Empty,Empty,C1,C,23,6
1927,24,32,D1,A,21,6
1928,Empty,Empty,D1,C,23,6
1929,38,11,E1,A,21,6
1930,Empty,Empty,E1,C,23,6
1931,5,12,F1,A,21,6
1932,Empty,Empty,F1,C,23,6
1933,19,14,G1,A,21,6
1934,Empty,Empty,G1,C,23,6
1935,23,23,H1,A,21,6
1936,Empty,Empty,H1,C,23,6
1937,18,17,A1,B,22,6
1938,Empty,Empty,A1,D,24,6
1939,34,41,B1,B,22,6
1940,Empty,Empty,B1,D,24,6
1941,37,12,C1,B,22,6
1942,Empty,Empty,C1,D,24,6
1943,9,21,D1,B,22,6
1944,Empty,Empty,D1,D,24,6
1945,27,4,E1,B,22,6
1946,Empty,Empty,E1,D,24,6
1947,23,29,F1,B,22,6
1948,Empty,Empty,F1,D,24,6
1949,31,29,G1,B,22,6
1950,Empty,Empty,G1,D,24,6
1951,24,18,H1,B,22,6
1952,Empty,Empty,H1,D,24,6
1953,11,14,A2,A,21,6
1954,Empty,Empty,A2,C,23,6
1955,31,47,B2,A,21,6
1956,Empty,Empty,B2,C,23,6
1957,30,40,C2,A,21,6
1958,Empty,Empty,C2,C,23,6
1959,31,19,D2,A,21,6
1960,Empty,Empty,D2,C,23,6
1961,22,15,E2,A,21,6
1962,Empty,Empty,E2,C,23,6
1963,17,47,F2,A,21,6
1964,Empty,Empty,F2,C,23,6
1965,31,16,G2,A,21,6
1966,Empty,Empty,G2,C,23,6
1967,20,20,H2,A,21,6
1968,Empty,Empty,H2,C,23,6
1969,11,11,A2,B,22,6
1970,Empty,Empty,A2,D,24,6
1971,14,23,B2,B,22,6
1972,Empty,Empty,B2,D,24,6
1973,10,45,C2,B,22,6
1974,Empty,Empty,C2,D,24,6
1975,15,14,D2,B,22,6
1976,Empty,Empty,D2,D,24,6
1977,37,14,E2,B,22,6
1978,Empty,Empty,E2,D,24,6
1979,25,1,F2,B,22,6
1980,Empty,Empty,F2,D,24,6
1981,21,19,G2,B,22,6
1982,Empty,Empty,G2,D,24,6
1983,41,1,H2,B,22,6
1984,Empty,Empty,H2,D,24,6
1985,8,3,A3,A,21,6
1986,Empty,Empty,A3,C,23,6
1987,42,10,B3,A,21,6
1988,Empty,Empty,B3,C,23,6
1989,35,48,C3,A,21,6
1990,Empty,Empty,C3,C,23,6
1991,23,14,D3,A,21,6
1992,Empty,Empty,D3,C,23,6
1993,42,3,E3,A,21,6
1994,Empty,Empty,E3,C,23,6
1995,35,19,F3,A,21,6
1996,Empty,Empty,F3,C,23,6
1997,5,17,G3,A,21,6
1998,Empty,Empty,G3,C,23,6
1999,43,16,H3,A,21,6
2000,Empty,Empty,H3,C,23,6
2001,29,16,A3,B,22,6
2002,Empty,Empty,A3,D,24,6
2003,6,31,B3,B,22,6
2004,Empty,Empty,B3,D,24,6
2005,3,29,C3,B,22,6
2006,Empty,Empty,C3,D,24,6
2007,34,46,D3,B,22,6
2008,Empty,Empty,D3,D,24,6
2009,31,18,E3,B,22,6
2010,Empty,Empty,E3,D,24,6
2011,7,23,F3,B,22,6
2012,Empty,Empty,F3,D,24,6
2013,10,48,G3,B,22,6
2014,Empty,Empty,G3,D,24,6
2015,28,20,H3,B,22,6
2016,Empty,Empty,H3,D,24,6
2017,42,27,A4,A,21,6
2018,Empty,Empty,A4,C,23,6
2019,9,35,B4,A,21,6
2020,Empty,Empty,B4,C,23,6
2021,41,20,C4,A,21,6
2022,Empty,Empty,C4,C,23,6
2023,12,10,D4,A,21,6
2024,Empty,Empty,D4,C,23,6
2025,1,20,E4,A,21,6
2026,Empty,Empty,E4,C,23,6
2027,10,38,F4,A,21,6
2028,Empty,Empty,F4,C,23,6
2029,7,48,G4,A,21,6
2030,Empty,Empty,G4,C,23,6
2031,9,6,H4,A,21,6
2032,Empty,Empty,H4,C,23,6
2033,6,47,A4,B,22,6
2034,Empty,Empty,A4,D,24,6
2035,9,45,B4,B,22,6
2036,Empty,Empty,B4,D,24,6
2037,29,8,C4,B,22,6
2038,Empty,Empty,C4,D,24,6
2039,21,24,D4,B,22,6
2040,Empty,Empty,D4,D,24,6
2041,8,12,E4,B,22,6
2042,Empty,Empty,E4,D,24,6
2043,29,19,F4,B,22,6
2044,Empty,Empty,F4,D,24,6
2045,32,16,G4,B,22,6
2046,Empty,Empty,G4,D,24,6
2047,27,44,H4,B,22,6
2048,Empty,Empty,H4,D,24,6
2049,8,40,A5,A,21,6
2050,Empty,Empty,A5,C,23,6
2051,19,6,B5,A,21,6
2052,Empty,Empty,B5,C,23,6
2053,33,26,C5,A,21,6
2054,Empty,Empty,C5,C,23,6
2055,22,40,D5,A,21,6
2056,Empty,Empty,D5,C,23,6
2057,19,13,E5,A,21,6
2058,Empty,Empty,E5,C,23,6
2059,18,29,F5,A,21,6
2060,Empty,Empty,F5,C,23,6
2061,5,11,G5,A,21,6
2062,Empty,Empty,G5,C,23,6
2063,11,46,H5,A,21,6
2064,Empty,Empty,H5,C,23,6
2065,6,17,A5,B,22,6
2066,Empty,Empty,A5,D,24,6
2067,32,35,B5,B,22,6
2068,Empty,Empty,B5,D,24,6
2069,29,42,C5,B,22,6
2070,Empty,Empty,C5,D,24,6
2071,14,4,D5,B,22,6
2072,Empty,Empty,D5,D,24,6
2073,36,7,E5,B,22,6
2074,Empty,Empty,E5,D,24,6
2075,23,31,F5,B,22,6
2076,Empty,Empty,F5,D,24,6
2077,39,5,G5,B,22,6
2078,Empty,Empty,G5,D,24,6
2079,10,46,H5,B,22,6
2080,Empty,Empty,H5,D,24,6
2081,17,7,A6,A,21,6
2082,Empty,Empty,A6,C,23,6
2083,14,39,B6,A,21,6
2084,Empty,Empty,B6,C,23,6
2085,16,8,C6,A,21,6
2086,Empty,Empty,C6,C,23,6
2087,35,21,D6,A,21,6
2088,Empty,Empty,D6,C,23,6
2089,29,7,E6,A,21,6
2090,Empty,Empty,E6,C,23,6
2091,6,46,F6,A,21,6
2092,Empty,Empty,F6,C,23,6
2093,4,18,G6,A,21,6
2094,Empty,Empty,G6,C,23,6
2095,23,17,H6,A,21,6
2096,Empty,Empty,H6,C,23,6
2097,34,43,A6,B,22,6
2098,Empty,Empty,A6,D,24,6
2099,2,8,B6,B,22,6
2100,Empty,Empty,B6,D,24,6
2101,5,35,C6,B,22,6
2102,Empty,Empty,C6,D,24,6
2103,28,23,D6,B,22,6
2104,Empty,Empty,D6,D,24,6
2105,22,8,E6,B,22,6
2106,Empty,Empty,E6,D,24,6
2107,33,48,F6,B,22,6
2108,Empty,Empty,F6,D,24,6
2109,35,8,G6,B,22,6
2110,Empty,Empty,G6,D,24,6
2111,9,9,H6,B,22,6
2112,Empty,Empty,H6,D,24,6
2113,36,1,A7,A,21,6
2114,Empty,Empty,A7,C,23,6
2115,40,4,B7,A,21,6
2116,Empty,Empty,B7,C,23,6
2117,5,48,C7,A,21,6
2118,Empty,Empty,C7,C,23,6
2119,19,37,D7,A,21,6
2120,Empty,Empty,D7,C,23,6
2121,26,16,E7,A,21,6
2122,Empty,Empty,E7,C,23,6
2123,38,10,F7,A,21,6
2124,Empty,Empty,F7,C,23,6
2125,18,45,G7,A,21,6
2126,Empty,Empty,G7,C,23,6
2127,43,14,H7,A,21,6
2128,Empty,Empty,H7,C,23,6
2129,14,8,A7,B,22,6
2130,Empty,Empty,A7,D,24,6
2131,3,26,B7,B,22,6
2132,Empty,Empty,B7,D,24,6
2133,19,22,C7,B,22,6
2134,Empty,Empty,C7,D,24,6
2135,40,27,D7,B,22,6
2136,Empty,Empty,D7,D,24,6
2137,33,19,E7,B,22,6
2138,Empty,Empty,E7,D,24,6
2139,13,17,F7,B,22,6
2140,Empty,Empty,F7,D,24,6
2141,22,39,G7,B,22,6
2142,Empty,Empty,G7,D,24,6
2143,32,15,H7,B,22,6
2144,Empty,Empty,H7,D,24,6
2145,31,38,A8,A,21,6
2146,Empty,Empty,A8,C,23,6
2147,1,25,B8,A,21,6
2148,Empty,Empty,B8,C,23,6
2149,16,36,C8,A,21,6
2150,Empty,Empty,C8,C,23,6
2151,13,23,D8,A,21,6
2152,Empty,Empty,D8,C,23,6
2153,13,14,E8,A,21,6
2154,Empty,Empty,E8,C,23,6
2155,30,48,F8,A,21,6
2156,Empty,Empty,F8,C,23,6
2157,31,11,G8,A,21,6
2158,Empty,Empty,G8,C,23,6
2159,23,2,H8,A,21,6
2160,Empty,Empty,H8,C,23,6
2161,16,19,A8,B,22,6
2162,Empty,Empty,A8,D,24,6
2163,11,8,B8,B,22,6
2164,Empty,Empty,B8,D,24,6
2165,30,12,C8,B,22,6
2166,Empty,Empty,C8,D,24,6
2167,39,36,D8,B,22,6
2168,Empty,Empty,D8,D,24,6
2169,31,20,E8,B,22,6
2170,Empty,Empty,E8,D,24,6
2171,25,16,F8,B,22,6
2172,Empty,Empty,F8,D,24,6
2173,5,43,G8,B,22,6
2174,Empty,Empty,G8,D,24,6
2175,15,44,H8,B,22,6
2176,Empty,Empty,H8,D,24,6
2177,Empty,Empty,A9,A,21,6
2178,Empty,Empty,A9,C,23,6
2179,24,26,B9,A,21,6
2180,Empty,Empty,B9,C,23,6
2181,19,10,C9,A,21,6
2182,Empty,Empty,C9,C,23,6
2183,2,41,D9,A,21,6
2184,Empty,Empty,D9,C,23,6
2185,12,43,E9,A,21,6
2186,Empty,Empty,E9,C,23,6
2187,22,18,F9,A,21,6
2188,Empty,Empty,F9,C,23,6
2189,31,41,G9,A,21,6
2190,Empty,Empty,G9,C,23,6
2191,27,14,H9,A,21,6
2192,Empty,Empty,H9,C,23,6
2193,21,35,A9,B,22,6
2194,Empty,Empty,A9,D,24,6
2195,42,44,B9,B,22,6
2196,Empty,Empty,B9,D,24,6
2197,1,12,C9,B,22,6
2198,Empty,Empty,C9,D,24,6
2199,27,47,D9,B,22,6
2200,Empty,Empty,D9,D,24,6
2201,10,11,E9,B,22,6
2202,Empty,Empty,E9,D,24,6
2203,40,13,F9,B,22,6
2204,Empty,Empty,F9,D,24,6
2205,30,28,G9,B,22,6
2206,Empty,Empty,G9,D,24,6
2207,1,6,H9,B,22,6
2208,Empty,Empty,H9,D,24,6
2209,39,16,A10,A,21,6
2210,Empty,Empty,A10,C,23,6
2211,22,45,B10,A,21,6
2212,Empty,Empty,B10,C,23,6
2213,40,23,C10,A,21,6
2214,Empty,Empty,C10,C,23,6
2215,43,25,D10,A,21,6
2216,Empty,Empty,D10,C,23,6
2217,43,8,E10,A,21,6
2218,Empty,Empty,E10,C,23,6
2219,17,44,F10,A,21,6
2220,Empty,Empty,F10,C,23,6
2221,34,24,G10,A,21,6
2222,Empty,Empty,G10,C,23,6
2223,6,15,H10,A,21,6
2224,Empty,Empty,H10,C,23,6
2225,37,16,A10,B,22,6
2226,Empty,Empty,A10,D,24,6
2227,Empty,Empty,B10,B,22,6
2228,Empty,Empty,B10,D,24,6
2229,22,7,C10,B,22,6
2230,Empty,Empty,C10,D,24,6
2231,13,44,D10,B,22,6
2232,Empty,Empty,D10,D,24,6
2233,8,18,E10,B,22,6
2234,Empty,Empty,E10,D,24,6
2235,12,42,F10,B,22,6
2236,Empty,Empty,F10,D,24,6
2237,23,9,G10,B,22,6
2238,Empty,Empty,G10,D,24,6
2239,35,45,H10,B,22,6
2240,Empty,Empty,H10,D,24,6
2241,23,24,A11,A,21,6
2242,Empty,Empty,A11,C,23,6
2243,17,1,B11,A,21,6
2244,Empty,Empty,B11,C,23,6
2245,28,5,C11,A,21,6
2246,Empty,Empty,C11,C,23,6
2247,17,35,D11,A,21,6
2248,Empty,Empty,D11,C,23,6
2249,7,47,E11,A,21,6
2250,Empty,Empty,E11,C,23,6
2251,10,22,F11,A,21,6
2252,Empty,Empty,F11,C,23,6
2253,14,2,G11,A,21,6
2254,Empty,Empty,G11,C,23,6
2255,6,18,H11,A,21,6
2256,Empty,Empty,H11,C,23,6
2257,38,30,A11,B,22,6
2258,Empty,Empty,A11,D,24,6
2259,42,46,B11,B,22,6
2260,Empty,Empty,B11,D,24,6
2261,22,6,C11,B,22,6
2262,Empty,Empty,C11,D,24,6
2263,20,2,D11,B,22,6
2264,Empty,Empty,D11,D,24,6
2265,34,22,E11,B,22,6
2266,Empty,Empty,E11,D,24,6
2267,39,44,F11,B,22,6
2268,Empty,Empty,F11,D,24,6
2269,19,39,G11,B,22,6
2270,Empty,Empty,G11,D,24,6
2271,38,44,H11,B,22,6
2272,Empty,Empty,H11,D,24,6
2273,7,17,A12,A,21,6
2274,Empty,Empty,A12,C,23,6
2275,25,41,B12,A,21,6
2276,Empty,Empty,B12,C,23,6
2277,31,12,C12,A,21,6
2278,Empty,Empty,C12,C,23,6
2279,23,48,D12,A,21,6
2280,Empty,Empty,D12,C,23,6
2281,5,30,E12,A,21,6
2282,Empty,Empty,E12,C,23,6
2283,22,20,F12,A,21,6
2284,Empty,Empty,F12,C,23,6
2285,6,40,G12,A,21,6
2286,Empty,Empty,G12,C,23,6
2287,Empty,Empty,H12,A,21,6
2288,Empty,Empty,H12,C,23,6
2289,22,29,A12,B,22,6
2290,Empty,Empty,A12,D,24,6
2291,26,36,B12,B,22,6
2292,Empty,Empty,B12,D,24,6
2293,4,8,C12,B,22,6
2294,Empty,Empty,C12,D,24,6
2295,Empty,Empty,D12,B,22,6
2296,Empty,Empty,D12,D,24,6
2297,Empty,Empty,E12,B,22,6
2298,Empty,Empty,E12,D,24,6
2299,Empty,Empty,F12,B,22,6
2300,Empty,Empty,F12,D,24,6
2301,Empty,Empty,G12,B,22,6
2302,Empty,Empty,G12,D,24,6
2303,Empty,Empty,H12,B,22,6
2304,Empty,Empty,H12,D,24,6
